,Club
0,TB 
1,DC 
2,LA 
3,KC 
4,CLB
5,DC 
6,KC 
7,SJ 
8,DAL
9,MET
10,CLB
11,COL
12,NE 
13,SJ 
14,SJ 
15,KC 
16,COL
17,NE 
18,LA 
19,TB 
20,COL
21,CLB
22,NE 
23,LA 
24,DAL
25,KC 
26,MET
27,LA 
28,DAL
29,TB 
30,CLB
31,DAL
32,MET
33,COL
34,TB 
35,DC 
36,TB 
37,DC 
38,KC 
39,NE 
40,MET
41,DAL
42,NE 
43,MET
44,CLB
45,DAL
46,LA 
47,MET
48,MET
49,DC 
50,COL
51,SJ 
52,TB 
53,NE 
54,DAL
55,COL
56,DC 
57,NE 
58,CLB
59,LA 
60,CLB
61,DC 
62,SJ 
63,KC 
64,CLB
65,CLB
66,SJ 
67,DAL
68,DAL
69,COL
70,KC 
71,LA 
72,TB 
73,SJ 
74,LA 
75,TB 
76,NE 
77,LA 
78,COL
79,KC 
80,LA 
81,DC 
82,NE 
83,DAL
84,SJ 
85,KC 
86,MET
87,TB 
88,DC 
89,DC 
90,DC 
91,DC 
92,NE 
93,SJ 
94,CLB
95,CLB
96,TB 
97,DC 
98,DAL
99,MET
100,SJ 
101,SJ 
102,MET
103,MET
104,NE 
105,CLB
106,NE 
107,LA 
108,MET
109,DC 
110,KC 
111,SJ 
112,CLB
113,DAL
114,LA 
115,COL
116,COL
117,DAL
118,NE 
119,LA 
120,SJ 
121,LA 
122,LA 
123,CLB
124,CLB
125,DAL
126,KC 
127,NE 
128,KC 
129,KC 
130,SJ 
131,TB 
132,MET
133,COL
134,MET
135,KC 
136,NE 
137,NE 
138,SJ 
142,CLB
143,NE 
144,COL
145,DC 
146,KC 
147,DC 
148,MET
149,LA 
150,LA 
151,MET
152,COL
153,TB 
154,CLB
155,LA 
156,COL
157,KC 
158,MET
159,KC 
183,TB 
184,CLB
185,SJ 
186,DC 
187,COL
188,TB 
189,DC 
190,MET
191,CLB
192,NE 
193,DAL
194,KC 
195,DAL
196,NE 
197,NE 
198,MET
199,SJ 
200,DAL
201,TB 
202,CLB
203,SJ 
204,TB 
205,DC 
206,CLB
207,DAL
208,COL
209,MET
210,COL
211,DC 
212,MET
213,MET
214,TB 
215,COL
216,MET
217,CLB
436,DC 
437,DC 
438,MET
439,KC 
440,SJ 
441,DAL
442,DAL
443,LA 
444,SJ 
445,KC 
446,TB 
447,SJ 
448,MET
449,KC 
450,TB 
451,DAL
452,COL
453,CLB
454,LA 
455,LA 
456,COL
457,LA 
458,NE 
459,DAL
460,NE 
461,TB 
462,LA 
463,KC 
464,CLB
465,NE 
466,COL
467,SJ 
468,DC 
469,TB 
470,DC 
471,NE 
472,KC 
473,COL
474,COL
475,COL
476,NE 
477,KC 
478,CLB
479,COL
480,COL
481,LA 
482,DC 
483,SJ 
484,TB 
485,NE 
486,KC 
487,CLB
488,DAL
489,NE 
490,MET
491,TB 
492,DC 
493,CLB
494,MET
495,CLB
496,LA 
497,DC 
498,DC 
499,SJ 
500,TB 
501,CLB
502,COL
503,LA 
504,KC 
505,NE 
506,COL
507,SJ 
508,MET
509,DC 
510,DC 
511,DAL
512,DAL
513,SJ 
514,DC 
515,MET
516,DAL
517,SJ 
518,NE 
519,CLB
520,COL
521,NE 
522,COL
523,CLB
524,LA 
525,DAL
526,CLB
527,LA 
528,SJ 
529,NE 
530,TB 
531,CLB
532,KC 
533,MET
534,DAL
535,DAL
536,NE 
537,DC 
538,SJ 
539,LA 
540,CLB
541,MET
542,LA 
543,DAL
544,KC 
545,SJ 
546,TB 
547,CLB
548,CLB
549,SJ 
550,CLB
551,TB 
552,DAL
553,KC 
554,NE 
555,COL
556,TB 
557,DC 
558,DC 
559,DC 
560,LA 
561,CLB
562,NE 
563,COL
564,KC 
565,SJ 
566,DC 
567,CLB
568,DC 
569,TB 
570,DAL
571,LA 
572,COL
573,MET
574,TB 
575,NE 
579,MET
580,COL
581,NE 
582,DAL
583,LA 
584,COL
585,SJ 
586,MET
587,LA 
588,KC 
589,LA 
590,MET
591,MET
592,MET
619,NE 
620,CLB
621,MET
622,MET
623,DAL
624,KC 
625,MET
626,DAL
627,DC 
628,TB 
629,COL
630,DAL
631,LA 
632,MET
633,CLB
634,COL
635,MET
636,COL
637,DC 
638,LA 
639,LA 
640,DAL
641,KC 
642,LA 
643,CLB
644,NE 
645,TB 
646,MET
647,LA 
648,TB 
649,CLB
650,SJ 
651,CLB
652,KC 
653,CLB
654,LA 
655,NE 
656,DC 
657,LA 
658,DC 
659,MET
660,LA 
661,SJ 
662,COL
663,LA 
664,MIA
665,COL
666,KC 
667,DC 
668,KC 
669,CHI
670,CLB
671,COL
672,CHI
673,TB 
674,DAL
675,MET
676,CHI
677,CLB
678,NE 
679,TB 
680,CHI
681,NE 
682,DAL
683,KC 
684,TB 
685,LA 
686,CHI
687,CHI
688,LA 
689,MET
690,COL
691,KC 
692,DC 
693,SJ 
694,CHI
695,MIA
696,MET
697,CLB
698,LA 
699,LA 
700,TB 
701,MIA
702,DC 
703,COL
704,MIA
705,NE 
706,MIA
707,DAL
708,DC 
709,SJ 
710,SJ 
711,CHI
712,KC 
713,DAL
714,DAL
715,SJ 
716,LA 
717,COL
718,NE 
719,LA 
720,CLB
721,MET
722,TB 
723,SJ 
724,COL
725,DC 
726,SJ 
727,DC 
728,COL
729,LA 
730,MET
731,COL
732,CLB
733,TB 
734,NE 
735,DAL
736,DAL
737,DAL
738,TB 
739,DC 
740,MIA
741,COL
742,MIA
743,CLB
744,COL
745,KC 
746,KC 
747,COL
748,SJ 
749,MIA
750,NE 
751,NE 
752,CHI
753,LA 
754,CLB
755,SJ 
756,DAL
757,SJ 
758,TB 
759,CHI
760,MET
761,CLB
762,CHI
763,CLB
764,NE 
765,CHI
766,MET
767,TB 
768,MET
769,MIA
770,DC 
771,LA 
772,DAL
773,NE 
774,DC 
775,KC 
776,MET
777,CLB
778,CLB
779,DAL
780,NE 
781,CLB
782,SJ 
783,LA 
784,TB 
785,MET
786,COL
787,CLB
788,LA 
789,DC 
790,KC 
791,MIA
792,DAL
793,COL
794,CLB
795,COL
796,SJ 
797,DAL
798,DAL
799,MET
800,MIA
801,TB 
802,COL
803,LA 
804,DAL
805,MIA
807,CLB
808,SJ 
809,SJ 
810,CHI
811,COL
812,LA 
813,KC 
814,CLB
815,NE 
816,KC 
817,MET
818,KC 
819,DC 
820,DAL
821,KC 
822,CLB
823,MIA
824,MET
825,CLB
826,MET
827,DC 
828,LA 
832,MET
833,SJ 
834,CLB
835,MET
836,TB 
837,DC 
838,DC 
839,TB 
840,MIA
841,LA 
842,MET
843,NE 
844,NE 
845,MIA
846,KC 
847,CHI
885,KC 
886,CHI
887,DAL
888,KC 
889,DC 
890,LA 
891,MET
892,SJ 
893,LA 
894,MET
895,MET
896,CHI
897,KC 
898,NE 
899,MIA
900,CHI
901,SJ 
902,DC 
903,LA 
904,MET
905,TB 
906,DAL
907,KC 
908,NE 
909,MET
910,TB 
911,MIA
912,CHI
913,COL
914,COL
915,TB 
916,DC 
917,KC 
918,KC 
919,NE 
920,SJ 
921,DAL
922,DC 
923,CLB
924,SJ 
925,NE 
926,CHI
927,SJ 
928,CLB
929,TB 
930,DC 
931,COL
932,NE 
933,CHI
934,MIA
935,LA 
936,COL
937,LA 
938,DC 
939,LA 
940,KC 
941,LA 
942,COL
943,MET
944,MIA
945,CHI
946,KC 
947,TB 
948,DC 
949,CLB
950,CHI
951,SJ 
952,DC 
953,MIA
954,SJ 
955,NE 
956,CHI
957,LA 
958,DAL
959,DAL
960,CHI
961,MIA
962,DC 
963,DAL
964,KC 
965,NE 
966,LA 
967,DAL
968,KC 
969,SJ 
970,TB 
971,DAL
972,KC 
973,MIA
974,MET
975,LA 
976,CLB
977,CHI
978,COL
979,TB 
980,MET
981,MET
982,KC 
983,DC 
984,CHI
985,KC 
986,CLB
987,DC 
988,DAL
989,NE 
990,MET
991,CHI
992,SJ 
993,DAL
994,COL
995,LA 
996,MIA
997,CHI
998,CLB
999,DC 
1000,COL
1001,LA 
1002,LA 
1003,MET
1004,MET
1005,NE 
1006,DC 
1007,DAL
1008,COL
1009,DAL
1010,TB 
1011,LA 
1012,MIA
1013,LA 
1014,MET
1015,SJ 
1016,MIA
1017,SJ 
1018,SJ 
1019,LA 
1020,DAL
1021,DC 
1022,CHI
1023,NE 
1024,CLB
1025,SJ 
1026,CLB
1027,DC 
1028,SJ 
1029,NE 
1030,SJ 
1031,CLB
1032,MIA
1033,DAL
1034,DAL
1035,CHI
1036,COL
1037,DAL
1038,MET
1039,COL
1040,DC 
1041,CLB
1042,CHI
1043,CLB
1044,SJ 
1045,MIA
1046,DC 
1047,TB 
1048,DAL
1049,LA 
1050,LA 
1051,MET
1052,MET
1053,CHI
1054,KC 
1055,DC 
1056,COL
1057,TB 
1058,MET
1059,MET
1060,NE 
1061,TB 
1062,DAL
1063,MIA
1064,CHI
1065,KC 
1066,MET
1067,CLB
1068,CLB
1069,MIA
1070,MIA
1071,SJ 
1072,KC 
1073,LA 
1074,CLB
1075,MET
1076,MIA
1077,NE 
1078,DC 
1079,DAL
1080,CHI
1081,COL
1082,COL
1083,DC 
1084,KC 
1085,DAL
1086,MET
1087,MET
1088,COL
1089,MET
1093,SJ 
1094,TB 
1095,CHI
1096,KC 
1097,LA 
1098,KC 
1099,COL
1100,KC 
1101,COL
1102,LA 
1103,NE 
1104,DC 
1105,CLB
1106,CHI
1107,CLB
1108,MIA
1109,NE 
1110,LA 
1111,MET
1112,CLB
1113,CHI
1114,COL
1115,MIA
1116,NE 
1117,COL
1154,NE 
1155,MET
1156,MIA
1157,NE 
1158,DAL
1159,DAL
1160,DC 
1161,KC 
1162,MET
1163,COL
1164,CHI
1165,KC 
1166,TB 
1167,KC 
1168,MIA
1169,DC 
1170,TB 
1171,NE 
1172,TB 
1173,MIA
1174,CHI
1175,MIA
1176,DAL
1177,COL
1178,CHI
1179,MIA
1180,KC 
1181,TB 
1182,MIA
1183,NE 
1184,KC 
1185,CHI
1186,LA 
1187,KC 
1188,TB 
1189,CHI
1190,LA 
1191,MIA
1192,MET
1193,CLB
1194,NE 
1195,DAL
1196,MET
1197,DC 
1198,KC 
1199,DAL
1200,CHI
1201,CHI
1202,KC 
1203,NE 
1204,CHI
1205,DC 
1206,MIA
1207,TB 
1208,SJ 
1209,LA 
1210,CHI
1211,COL
1212,COL
1213,CLB
1214,KC 
1215,CLB
1216,CLB
1217,MIA
1218,LA 
1219,TB 
1220,CHI
1221,TB 
1222,MIA
1223,MET
1224,LA 
1225,SJ 
1226,DAL
1227,NE 
1228,SJ 
1229,DC 
1230,LA 
1231,MIA
1232,KC 
1233,DAL
1234,LA 
1235,COL
1236,MIA
1237,DAL
1238,SJ 
1239,TB 
1240,SJ 
1241,DC 
1242,LA 
1243,KC 
1244,MET
1245,KC 
1246,DAL
1247,MIA
1248,NE 
1249,CHI
1250,LA 
1251,LA 
1252,SJ 
1253,CLB
1254,NE 
1255,DC 
1256,KC 
1257,DAL
1258,COL
1259,CLB
1260,LA 
1261,MIA
1262,MET
1263,MET
1264,DC 
1265,DC 
1266,MIA
1267,CHI
1268,DAL
1269,CHI
1270,CLB
1271,CHI
1272,TB 
1273,NE 
1274,MET
1275,COL
1276,DAL
1277,COL
1278,DAL
1279,KC 
1280,SJ 
1281,KC 
1282,CHI
1283,COL
1284,LA 
1285,LA 
1286,SJ 
1287,DC 
1288,DC 
1289,COL
1290,KC 
1291,CLB
1292,COL
1293,SJ 
1294,COL
1295,TB 
1296,COL
1297,TB 
1298,LA 
1299,DAL
1300,DAL
1301,DC 
1302,NE 
1303,COL
1304,CHI
1305,TB 
1306,LA 
1307,DC 
1308,DC 
1309,NE 
1310,NE 
1311,DC 
1312,CLB
1313,MIA
1314,CLB
1315,MIA
1316,NE 
1317,TB 
1318,KC 
1319,MET
1320,LA 
1321,CHI
1322,NE 
1323,CLB
1324,CHI
1325,TB 
1326,DAL
1327,CHI
1328,RSL
1329,CHI
1330,NE 
1331,LA 
1332,LA 
1333,CLB
1334,NE 
1335,LA 
1336,SJ 
1337,DAL
1338,CHI
1339,COL
1340,TB 
1341,LA 
1342,CLB
1343,MET
1344,COL
1345,MIA
1346,MIA
1347,COL
1349,DAL
1350,KC 
1351,KC 
1352,MET
1353,MET
1354,SJ 
1355,DC 
1356,MET
1357,COL
1358,DC 
1359,DAL
1360,NE 
1361,DC 
1364,MIA
1365,DC 
1366,SJ 
1367,NE 
1368,DC 
1369,MIA
1370,CHI
1371,CLB
1372,NE 
1373,CHI
1374,SJ 
1375,MIA
1376,CLB
1377,SJ 
1378,DC 
1379,COL
1380,KC 
1415,MIA
1416,CLB
1417,MET
1418,MIA
1419,DC 
1420,CHI
1421,DAL
1422,COL
1423,MET
1424,LA 
1425,SJ 
1426,LA 
1427,KC 
1428,MET
1429,COL
1430,CHI
1431,COL
1432,NE 
1433,COL
1434,MIA
1435,TB 
1436,CLB
1437,MET
1438,KC 
1439,MIA
1440,NE 
1441,CLB
1442,LA 
1443,NE 
1444,TB 
1445,NE 
1446,LA 
1447,KC 
1448,DAL
1449,LA 
1450,SJ 
1451,DC 
1452,MIA
1453,MIA
1454,COL
1455,DC 
1456,DAL
1457,SJ 
1458,CLB
1459,CHI
1460,DC 
1461,TB 
1462,CLB
1463,MIA
1464,NE 
1465,SJ 
1466,CHI
1467,CLB
1468,LA 
1469,MET
1470,SJ 
1471,DAL
1472,TB 
1473,MET
1474,LA 
1475,CLB
1476,KC 
1477,CHI
1478,LA 
1479,MIA
1480,CHI
1481,DAL
1482,LA 
1483,NE 
1484,COL
1485,DAL
1486,COL
1487,CLB
1488,MET
1489,COL
1490,MET
1491,SJ 
1492,LA 
1493,COL
1494,KC 
1495,KC 
1496,NE 
1497,DC 
1498,KC 
1499,DC 
1500,COL
1501,CHI
1502,KC 
1503,SJ 
1504,MIA
1505,CHI
1506,NE 
1507,KC 
1508,MET
1509,NE 
1510,LA 
1511,CLB
1512,MIA
1513,TB 
1514,CLB
1515,LA 
1516,TB 
1517,NE 
1518,MET
1519,DC 
1520,DAL
1521,TB 
1522,LA 
1523,CHI
1524,MIA
1525,KC 
1526,DAL
1527,DAL
1528,DAL
1529,SJ 
1530,DAL
1531,CHI
1532,DC 
1533,MIA
1534,SJ 
1535,LA 
1536,LA 
1537,LA 
1538,LA 
1539,MET
1540,DAL
1541,TB 
1542,SJ 
1543,DAL
1544,CHI
1545,NE 
1546,CHI
1547,COL
1548,LA 
1549,DAL
1550,COL
1551,SJ 
1552,DC 
1553,MET
1554,SJ 
1555,TB 
1556,CLB
1557,COL
1558,CHI
1559,KC 
1560,DC 
1561,CLB
1562,KC 
1563,DAL
1564,CHI
1565,TB 
1566,CLB
1567,DAL
1568,MIA
1569,TB 
1570,LA 
1571,KC 
1572,DC 
1573,TB 
1574,NE 
1575,MET
1576,SJ 
1577,DC 
1578,MET
1579,CHI
1580,CHI
1581,CLB
1582,CHI
1583,LA 
1584,MIA
1585,DC 
1586,DC 
1587,MET
1588,CHI
1589,COL
1590,LA 
1591,MIA
1592,DC 
1593,SJ 
1594,CLB
1595,KC 
1596,DAL
1597,NE 
1598,CHI
1599,MET
1600,CLB
1601,DC 
1602,COL
1603,CLB
1604,MET
1605,DC 
1606,MIA
1607,DC 
1608,KC 
1609,KC 
1610,DC 
1611,MIA
1612,SJ 
1618,COL
1619,MIA
1620,CHI
1621,NE 
1622,MET
1623,KC 
1624,CLB
1625,COL
1626,MET
1627,CLB
1628,CHI
1629,COL
1630,COL
1631,DAL
1632,DAL
1633,TB 
1634,COL
1635,NE 
1636,TB 
1637,CLB
1638,CHI
1639,NE 
1679,MET
1680,TB 
1681,MET
1682,DAL
1683,COL
1684,CLB
1685,CHI
1686,CLB
1687,LA 
1688,LA 
1689,KC 
1690,MET
1691,COL
1692,KC 
1693,KC 
1694,DAL
1695,DC 
1696,NE 
1697,SJ 
1698,MET
1699,CLB
1700,NE 
1701,SJ 
1702,LA 
1703,COL
1704,TB 
1705,COL
1706,COL
1707,MET
1708,TB 
1709,COL
1710,LA 
1711,NE 
1712,CLB
1713,CHI
1714,SJ 
1715,DAL
1716,MET
1717,MET
1718,COL
1719,COL
1720,COL
1721,CLB
1722,KC 
1723,DAL
1724,KC 
1725,SJ 
1726,SJ 
1727,KC 
1728,CLB
1729,NE 
1730,CHI
1731,CLB
1732,COL
1733,DC 
1734,DC 
1735,DAL
1736,SJ 
1737,DAL
1738,KC 
1739,LA 
1740,DC 
1741,MET
1742,KC 
1743,COL
1744,DAL
1745,MET
1746,NE 
1747,LA 
1748,SJ 
1749,DC 
1750,MET
1751,KC 
1752,CHI
1753,DC 
1754,CHI
1755,DC 
1756,SJ 
1757,MET
1758,LA 
1759,KC 
1760,DAL
1761,MET
1762,LA 
1763,LA 
1764,DC 
1765,NE 
1766,CHI
1767,LA 
1768,CLB
1769,MET
1770,CHI
1771,CHI
1772,NE 
1773,DAL
1774,DC 
1775,NE 
1776,MET
1777,DC 
1778,DAL
1779,SJ 
1780,CHI
1781,CHI
1782,COL
1783,LA 
1784,DAL
1785,SJ 
1786,CLB
1787,CHI
1788,CHI
1789,SJ 
1790,CLB
1791,DAL
1792,NE 
1793,CLB
1794,LA 
1795,CLB
1796,DAL
1797,SJ 
1798,KC 
1799,CLB
1800,KC 
1801,KC 
1802,LA 
1803,NE 
1804,DAL
1805,DC 
1806,CHI
1807,MET
1808,DC 
1809,NE 
1810,MET
1811,CHI
1812,CHI
1813,CHI
1814,CLB
1815,DC 
1816,DC 
1817,LA 
1818,MET
1819,LA 
1820,COL
1821,DAL
1822,CLB
1823,KC 
1824,COL
1825,LA 
1826,NE 
1827,MET
1828,COL
1829,CHI
1830,DC 
1831,MET
1832,KC 
1833,CLB
1834,CLB
1835,CLB
1836,DC 
1837,SJ 
1838,LA 
1839,COL
1840,COL
1842,NE 
1843,CHI
1844,NE 
1845,MET
1846,CHI
1847,COL
1848,CHI
1849,DAL
1850,CLB
1851,KC 
1852,COL
1853,SJ 
1854,COL
1855,SJ 
1856,DAL
1857,NE 
1858,CLB
1859,LA 
1860,LA 
1861,RSL
1862,DC 
1863,DC 
1864,LA 
1865,KC 
1895,COL
1896,MET
1897,KC 
1898,DC 
1899,NE 
1900,COL
1901,DAL
1902,DAL
1903,LA 
1904,KC 
1905,KC 
1906,COL
1907,MET
1908,CLB
1909,CHI
1910,SJ 
1911,DC 
1912,CHI
1913,MET
1914,NE 
1915,DC 
1916,DAL
1917,DC 
1918,CHI
1919,DAL
1920,DC 
1921,COL
1922,LA 
1923,NE 
1924,DAL
1925,CHI
1926,SJ 
1927,MET
1928,DC 
1929,LA 
1930,NE 
1931,CHI
1932,COL
1933,KC 
1934,SJ 
1935,CLB
1936,COL
1937,CHI
1938,NE 
1939,CLB
1940,MET
1941,CHI
1942,KC 
1943,DAL
1944,MET
1945,SJ 
1946,DC 
1947,NE 
1948,DAL
1949,KC 
1950,LA 
1951,SJ 
1952,DC 
1953,CLB
1954,DC 
1955,KC 
1956,MET
1957,CHI
1958,COL
1959,CLB
1960,NE 
1961,DC 
1962,NE 
1963,COL
1964,CLB
1965,SJ 
1966,DAL
1967,KC 
1968,MET
1969,SJ 
1970,MET
1971,COL
1972,KC 
1973,SJ 
1974,LA 
1975,CHI
1976,DC 
1977,KC 
1978,LA 
1979,DC 
1980,NE 
1981,MET
1982,KC 
1983,DC 
1984,DAL
1985,LA 
1986,CHI
1987,DAL
1988,CHI
1989,DAL
1990,CLB
1991,DAL
1992,CLB
1993,SJ 
1994,CHI
1995,SJ 
1996,KC 
1997,NE 
1998,CLB
1999,KC 
2000,DAL
2001,CHI
2002,DC 
2003,LA 
2004,MET
2005,KC 
2006,MET
2007,CHI
2008,KC 
2009,MET
2010,NE 
2011,SJ 
2012,CLB
2013,DAL
2014,DAL
2015,NE 
2016,DC 
2017,SJ 
2018,DAL
2019,MET
2020,CHI
2021,KC 
2022,DC 
2023,LA 
2024,SJ 
2025,SJ 
2026,CHI
2027,SJ 
2028,LA 
2029,DAL
2030,MET
2031,CHI
2032,COL
2033,DAL
2034,DC 
2035,COL
2036,DAL
2037,KC 
2038,CLB
2039,COL
2040,DAL
2041,MET
2042,CLB
2043,DAL
2044,CLB
2045,DAL
2046,KC 
2047,DC 
2048,SJ 
2049,SJ 
2050,RSL
2051,CLB
2052,CLB
2053,COL
2054,COL
2055,COL
2056,LA 
2057,NE 
2058,NE 
2059,SJ 
2060,COL
2061,MET
2062,LA 
2063,LA 
2064,CLB
2065,MET
2066,KC 
2067,CHI
2068,CHI
2069,DC 
2070,KC 
2071,DAL
2072,CHI
2073,CLB
2074,CHI
2075,DC 
2076,CHI
2110,DAL
2111,COL
2112,NE 
2113,MET
2114,COL
2115,DC 
2116,COL
2117,DAL
2118,COL
2119,MET
2120,CLB
2121,NE 
2122,NE 
2123,KC 
2124,MET
2125,LA 
2126,COL
2127,SJ 
2128,NE 
2129,MET
2130,MET
2131,CLB
2132,DAL
2133,CLB
2134,MET
2135,DAL
2136,MET
2137,NE 
2138,CHI
2139,MET
2140,LA 
2141,MET
2142,LA 
2143,DAL
2144,DAL
2145,KC 
2146,DC 
2147,LA 
2148,LA 
2149,KC 
2150,CLB
2151,SJ 
2152,DAL
2153,NE 
2154,CHI
2155,LA 
2156,CLB
2157,MET
2158,KC 
2159,MET
2160,DC 
2161,KC 
2162,CLB
2163,NE 
2164,LA 
2165,DC 
2166,NE 
2167,MET
2168,COL
2169,CLB
2170,NE 
2171,SJ 
2172,LA 
2173,MET
2174,DAL
2175,DC 
2176,SJ 
2177,CLB
2178,DAL
2179,MET
2180,CHI
2181,KC 
2182,LA 
2183,CHI
2184,SJ 
2185,LA 
2186,COL
2187,CHI
2188,COL
2189,CHI
2190,DC 
2191,NE 
2192,SJ 
2193,COL
2194,CHI
2195,KC 
2196,MET
2197,DC 
2198,DC 
2199,COL
2200,LA 
2201,KC 
2202,SJ 
2203,DC 
2204,DAL
2205,DAL
2206,KC 
2207,DAL
2208,LA 
2209,CLB
2210,NE 
2211,COL
2212,SJ 
2213,CLB
2214,DC 
2215,MET
2216,DC 
2217,CHI
2218,CLB
2219,SJ 
2220,CHI
2221,DAL
2222,LA 
2223,DAL
2224,SJ 
2225,COL
2226,DC 
2227,LA 
2228,COL
2229,DAL
2230,NE 
2231,CLB
2232,NE 
2233,LA 
2234,RSL
2235,CLB
2236,COL
2237,KC 
2238,SJ 
2239,MET
2240,MET
2241,MET
2242,MET
2243,KC 
2244,CHI
2245,DC 
2246,DAL
2247,KC 
2248,SJ 
2249,SJ 
2250,COL
2251,KC 
2252,DAL
2253,KC 
2254,CHI
2255,NE 
2256,KC 
2257,CLB
2258,NE 
2259,LA 
2260,COL
2261,MET
2262,DC 
2263,NE 
2264,CHI
2265,COL
2266,CHI
2267,CHI
2268,NE 
2269,CLB
2270,DC 
2271,MET
2272,CLB
2273,KC 
2274,MET
2275,NE 
2276,CHI
2277,LA 
2278,COL
2279,SJ 
2280,KC 
2281,CHI
2282,LA 
2283,DAL
2284,NE 
2285,CLB
2286,COL
2287,CHI
2288,MET
2289,CLB
2290,COL
2291,LA 
2292,DAL
2293,CHI
2294,DAL
2295,DC 
2296,SJ 
2297,CLB
2329,DC 
2330,LA 
2331,LA 
2332,CLB
2333,DC 
2334,NE 
2335,NE 
2336,LA 
2337,CHI
2338,DC 
2339,COL
2340,CLB
2341,SJ 
2342,DAL
2343,KC 
2344,KC 
2345,CHI
2346,DAL
2347,MET
2348,COL
2349,KC 
2350,LA 
2351,CLB
2352,LA 
2353,LA 
2354,MET
2355,NE 
2356,COL
2357,CHI
2358,SJ 
2359,LA 
2360,CLB
2361,DAL
2362,DC 
2363,SJ 
2364,DAL
2365,DC 
2366,COL
2367,COL
2368,DAL
2369,MET
2370,MET
2371,KC 
2372,KC 
2373,NE 
2374,DC 
2375,LA 
2376,COL
2377,MET
2378,DC 
2379,LA 
2380,DAL
2381,KC 
2382,NE 
2383,MET
2384,SJ 
2385,RSL
2386,KC 
2387,CLB
2388,NE 
2389,CHI
2390,MET
2391,SJ 
2392,KC 
2393,COL
2394,COL
2395,CLB
2396,SJ 
2397,DAL
2398,KC 
2399,CHI
2400,MET
2401,DAL
2402,SJ 
2403,CHI
2404,NE 
2405,MET
2406,DC 
2407,COL
2408,CLB
2409,LA 
2410,COL
2411,KC 
2412,RSL
2413,DAL
2414,CHI
2415,DAL
2416,DC 
2417,DC 
2418,CHV
2419,DC 
2420,CLB
2421,COL
2422,CLB
2423,DAL
2424,KC 
2425,CLB
2426,CHI
2427,SJ 
2428,LA 
2429,RSL
2430,CHI
2431,CHI
2432,NE 
2433,SJ 
2434,RSL
2435,DC 
2436,DAL
2437,CHV
2438,CHV
2439,CHV
2440,CHV
2441,CLB
2442,SJ 
2443,DAL
2444,DC 
2445,CHV
2446,CHI
2447,NE 
2448,NE 
2449,DC 
2450,DAL
2451,KC 
2452,MET
2453,CHV
2454,DAL
2455,KC 
2456,KC 
2457,CHI
2458,CHV
2459,CHI
2460,COL
2461,COL
2462,CHI
2463,CHV
2464,RSL
2465,DAL
2466,CHV
2467,RSL
2468,SJ 
2469,CLB
2470,RSL
2471,CLB
2472,NE 
2473,NE 
2474,COL
2475,TOR
2476,RSL
2477,CHI
2478,CLB
2479,NE 
2480,DC 
2481,CHI
2482,LA 
2483,CLB
2484,SJ 
2485,LA 
2486,LA 
2487,SJ 
2488,SJ 
2489,KC 
2490,CLB
2491,DC 
2492,DAL
2493,CHI
2494,DAL
2495,NE 
2496,KC 
2497,RSL
2498,RSL
2499,LA 
2500,LA 
2501,CHI
2502,CHV
2503,CHV
2504,DC 
2505,LA 
2506,CHI
2507,RSL
2508,COL
2509,DC 
2510,SJ 
2511,COL
2512,LA 
2513,COL
2514,COL
2515,RSL
2516,CHI
2517,CLB
2518,CLB
2519,CHV
2520,CLB
2521,MET
2522,KC 
2523,MET
2524,LA 
2525,CHV
2526,NE 
2527,DAL
2528,CHI
2529,CHI
2530,COL
2531,DC 
2532,RSL
2533,DAL
2534,RSL
2535,COL
2536,KC 
2537,LA 
2538,LA 
2539,CHV
2543,DC 
2544,CHI
2545,COL
2546,SJ 
2547,SJ 
2548,LA 
2549,MET
2550,CHI
2551,KC 
2552,CLB
2553,DC 
2554,KC 
2555,RSL
2556,COL
2557,MET
2558,CHV
2559,CLB
2560,RSL
2561,CLB
2562,MET
2563,DAL
2564,DAL
2565,COL
2566,DC 
2567,COL
2568,CLB
2569,DC 
2652,CHV
2653,COL
2654,CHV
2655,COL
2656,DC 
2657,LA 
2658,COL
2659,NE 
2660,KC 
2661,MET
2662,COL
2663,LA 
2664,RSL
2665,LAFC
2666,DAL
2667,MET
2668,SJ 
2669,KC 
2670,LA 
2671,CHI
2672,CHV
2673,SJ 
2674,RSL
2675,RSL
2676,RSL
2677,DC 
2678,NE 
2679,SJ 
2680,KC 
2681,MET
2682,SJ 
2683,DAL
2684,LA 
2685,RSL
2686,LA 
2687,CLB
2688,RSL
2689,NE 
2690,KC 
2691,RSL
2692,CHV
2693,KC 
2694,COL
2695,NE 
2696,MET
2697,RSL
2698,CLB
2699,LA 
2700,RSL
2701,DAL
2702,RSL
2703,DC 
2704,CHV
2705,DAL
2706,LA 
2707,DC 
2708,HOU
2709,NE 
2710,DAL
2711,HOU
2712,KC 
2713,CHI
2714,KC 
2715,CHV
2716,RSL
2717,NY 
2718,NE 
2719,CHI
2720,RSL
2721,COL
2722,DC 
2723,RSL
2724,CHI
2725,NE 
2726,NE 
2727,CHI
2728,DAL
2729,COL
2730,NY 
2731,CHV
2732,LA 
2733,CLB
2734,CLB
2735,COL
2736,KC 
2737,HOU
2738,CHI
2739,LA 
2740,CHV
2741,CLB
2742,KC 
2743,COL
2744,COL
2745,LA 
2746,CLB
2747,RSL
2748,KC 
2749,HOU
2750,CHV
2751,NY 
2752,DC 
2753,COL
2754,KC 
2755,DC 
2756,CHI
2757,DAL
2758,NY 
2759,DAL
2760,NE 
2761,CLB
2762,NY 
2763,TOR
2764,DC 
2765,COL
2766,RSL
2767,CHI
2768,DC 
2769,DAL
2770,RSL
2771,LA 
2772,LA 
2773,HOU
2774,NY 
2775,HOU
2776,CHV
2777,CHI
2778,DC 
2779,HOU
2780,DAL
2781,LA 
2782,RSL
2783,HOU
2784,COL
2785,KC 
2786,KC 
2787,COL
2788,KC 
2789,HOU
2790,DAL
2791,DAL
2792,CHI
2793,DC 
2794,LA 
2795,NE 
2796,KC 
2797,CLB
2798,CHI
2799,DAL
2800,CHV
2801,CLB
2802,NY 
2803,CHV
2804,DC 
2805,DC 
2806,KC 
2807,CHI
2808,DAL
2809,DC 
2810,CLB
2811,DC 
2812,COL
2813,CHI
2814,CHI
2815,CLB
2816,CLB
2817,ATL
2818,CLB
2819,KC 
2820,CHI
2821,RSL
2822,RSL
2823,DAL
2824,HOU
2825,NY 
2826,SJ
2827,NE 
2828,KC 
2829,DC 
2830,HOU
2831,HOU
2832,CLB
2833,DAL
2834,CHI
2835,DAL
2836,CLB
2837,NE 
2838,COL
2839,COL
2840,CLB
2841,RSL
2842,COL
2843,CHI
2844,LA
2845,NE 
2846,NY 
2847,NE 
2848,LA 
2849,NY 
2850,HOU
2852,KC 
2853,NY 
2854,CLB
2855,COL
2856,LA 
2857,DAL
2862,KC 
2863,CHI
2864,CHV
2865,CLB
2866,NY 
2867,NE 
2868,LA 
2869,CLB
2870,CLB
2871,CHI
2872,DC 
2873,HOU
2874,CHV
2875,COL
2876,COL
2877,CLB
2878,KC 
2879,HOU
2880,DAL
2881,COL
2882,CHV
2883,NE 
2884,NY 
2967,KC 
2968,LA 
2969,DC 
2970,DC 
2971,CHV
2972,LA 
2973,RSL
2974,CHV
2975,DC 
2976,NE 
2977,DC 
2978,KC 
2979,LA 
2980,RSL
2981,NY 
2982,COL
2983,LA 
2984,CHV
2985,CHV
2986,DAL
2987,HOU
2988,CLB
2989,NY 
2990,NY 
2991,LA 
2992,DC 
2993,COL
2994,RSL
2995,COL
2996,DC 
2997,NE 
2998,CLB
2999,CHV
3000,LA 
3001,CHV
3002,RSL
3003,HOU
3004,CHI
3005,CHI
3006,RSL
3007,KC 
3008,NY 
3009,COL
3010,NE 
3011,KC 
3012,CHI
3013,RSL
3014,RSL
3015,CLB
3016,NY 
3017,NY 
3018,DAL
3019,DC 
3020,LA 
3021,COL
3022,CLB
3023,CLB
3024,DAL
3025,CHV
3026,CLB
3027,LA 
3028,KC 
3029,DC 
3030,NY 
3031,NE 
3032,KC 
3033,CHV
3034,CHV
3035,DC 
3036,TOR
3037,LA 
3038,LA 
3039,DC 
3040,DC 
3041,CLB
3042,DC 
3043,CLB
3044,NE 
3045,KC 
3046,HOU
3047,NE 
3048,HOU
3049,CHI
3050,DAL
3051,HOU
3052,CHI
3053,NY 
3054,TOR
3055,RSL
3056,DAL
3057,COL
3058,CLB
3059,CLB
3060,HOU
3061,DAL
3062,LA 
3063,RSL
3064,KC 
3065,NE 
3066,LA
3067,KC 
3068,CHI
3069,LA 
3070,NE 
3071,NE 
3072,CLB
3073,DAL
3074,COL
3075,TOR
3076,LA 
3077,CHV
3078,KC 
3079,ATL
3080,HOU
3081,CLB
3082,RSL
3083,DAL
3084,KC 
3085,CLB
3086,DAL
3087,NY 
3088,CHI
3089,CHV
3090,CLB
3091,CHV
3092,RSL
3093,LA 
3094,COL
3095,LA 
3096,LA 
3097,TOR
3098,NY 
3099,KC 
3100,NY 
3101,NE 
3102,TOR
3103,CHV
3104,KC 
3105,CHV
3106,LA 
3107,COL
3108,KC 
3109,HOU
3110,RSL
3111,HOU
3112,RSL
3113,CHV
3114,COL
3115,NY 
3116,NY 
3117,LA 
3118,COL
3119,RSL
3120,CLB
3121,COL
3122,COL
3123,CHI
3124,NSH
3125,KC 
3126,CLB
3127,DC 
3128,TOR
3129,RSL
3130,HOU
3131,DAL
3132,CHV
3133,RSL
3134,DC 
3135,COL
3136,CHI
3137,CHV
3138,RSL
3139,COL
3140,CHV
3141,TOR
3142,SJ
3143,NY 
3144,KC 
3145,CHI
3146,DAL
3147,HOU
3148,DC 
3149,CHI
3150,CHI
3151,CLB
3152,COL
3153,HOU
3154,NY 
3155,NE 
3156,CHI
3157,CHI
3158,CHI
3159,RSL
3160,CHI
3161,CHI
3162,COL
3163,RSL
3164,DC 
3165,CHV
3166,TOR
3167,LA 
3168,HOU
3169,COL
3170,LA 
3171,CLB
3172,CHI
3173,TOR
3174,CLB
3175,DAL
3176,COL
3177,NE 
3178,NE 
3179,CLB
3180,COL
3181,COL
3182,HOU
3183,LA 
3184,DC 
3185,HOU
3186,TOR
3187,DAL
3188,TOR
3189,NY 
3190,CLB
3191,NY 
3192,DC 
3193,CHV
3194,KC 
3195,DAL
3196,HOU
3197,COL
3198,HOU
3199,DC 
3200,CHI
3201,LA 
3202,DC 
3203,NY 
3206,LA 
3207,CLB
3208,CHV
3209,RSL
3210,KC 
3211,CLB
3212,NE 
3213,NY 
3214,RSL
3215,LA 
3216,LA 
3217,NY 
3218,DAL
3219,CHI
3220,LA 
3221,RSL
3222,COL
3223,CHI
3224,CHI
3225,NY 
3226,CLB
3227,CLB
3228,HOU
3229,CHI
3230,TOR
3340,TOR
3341,POR
3342,CHI
3343,CLB
3344,CHI
3345,CHI
3346,TOR
3347,TOR
3348,DAL
3349,CHV
3350,LA 
3351,LA 
3352,COL
3353,TOR
3354,COL
3355,COL
3356,KC 
3357,DC 
3358,NY 
3359,TOR
3360,TOR
3361,CHV
3362,DC 
3363,DC 
3364,CHI
3365,RSL
3366,LA 
3367,HOU
3368,CLB
3369,NE 
3370,COL
3371,COL
3372,RSL
3373,CHI
3374,DAL
3375,DAL
3376,NY 
3377,DC 
3378,DAL
3379,DAL
3380,RSL
3381,RSL
3382,COL
3383,CHI
3384,CLB
3385,DC 
3386,LA 
3387,COL
3388,CHI
3389,CHV
3390,LA 
3391,KC 
3392,NY 
3393,KC 
3394,RSL
3395,KC 
3396,NY 
3397,LA 
3398,DAL
3399,LA 
3400,NY 
3401,HOU
3402,DC 
3403,COL
3404,DC 
3405,CHI
3406,CHI
3407,CLB
3408,NE 
3409,NE 
3410,DAL
3411,CLB
3412,CHI
3413,NY 
3414,KC 
3415,HOU
3416,RSL
3417,RSL
3418,KC 
3419,DAL
3420,RSL
3421,SJ 
3422,COL
3423,CLB
3424,NE 
3425,KC 
3426,LA 
3427,LA
3428,LA 
3429,CHV
3430,DC 
3431,TOR
3432,KC 
3433,COL
3434,CHV
3435,DAL
3436,CHI
3437,COL
3438,CHI
3439,SJ 
3440,NY 
3441,CLB
3442,RSL
3443,SJ 
3444,HOU
3445,TOR
3446,NE 
3447,TOR
3448,DC 
3449,CLB
3450,ATL
3451,CHV
3452,COL
3453,CLB
3454,CHV
3455,HOU
3456,DAL
3457,KC 
3458,NY 
3459,COL
3460,HOU
3461,CHV
3462,HOU
3463,KC 
3464,COL
3465,DAL
3466,CLB
3467,RSL
3468,RSL
3469,TOR
3470,NE 
3471,CHV
3472,POR
3473,CLB
3474,CHI
3475,DC 
3476,CHV
3477,NE 
3478,KC 
3479,TOR
3480,CHI
3481,CHV
3482,CHI
3483,CHI
3484,NY 
3485,DAL
3486,DC 
3487,SJ 
3488,SJ 
3489,CHI
3490,HOU
3491,CLB
3492,COL
3493,HOU
3494,NE 
3495,COL
3496,TOR
3497,DC 
3498,CHI
3499,SJ 
3500,RSL
3501,SJ
3502,DAL
3503,CLB
3504,NY 
3505,RSL
3506,COL
3507,COL
3508,LA 
3509,DC 
3510,DC 
3511,COL
3512,CLB
3513,NY 
3514,LA 
3515,SKC
3516,TOR
3517,TOR
3518,RSL
3519,NY 
3520,DC 
3521,CLB
3522,LA 
3523,CHV
3524,NY 
3525,HOU
3526,DAL
3527,CLB
3528,RSL
3529,CHV
3530,LA 
3531,CHI
3532,TOR
3533,LA 
3534,DC 
3535,DAL
3536,COL
3537,LA 
3538,HOU
3539,HOU
3540,LA 
3541,TOR
3542,COL
3543,NE 
3544,CHI
3545,DC 
3546,DAL
3547,CHI
3548,NY 
3549,TOR
3550,COL
3551,COL
3552,DAL
3553,DC 
3554,DC 
3555,KC 
3556,TOR
3557,CHV
3558,RSL
3559,CHV
3560,CLB
3561,KC 
3562,LA 
3563,DC 
3564,TOR
3565,COL
3566,NY 
3567,CLB
3568,HOU
3569,DAL
3570,SJ 
3571,CHV
3572,LA 
3573,DC 
3574,HOU
3575,RSL
3576,DAL
3577,DC 
3578,LA 
3579,KC 
3580,KC 
3581,NE 
3583,NY 
3584,NSH
3585,SJ 
3586,DAL
3587,SJ 
3588,SJ 
3592,DAL
3593,LA 
3594,KC 
3595,HOU
3596,LA 
3597,LAFC
3598,CLB
3599,CHI
3600,CHV
3601,CHV
3602,NY 
3603,DC 
3604,NY 
3605,NE 
3606,RSL
3607,SJ 
3608,KC 
3609,CHI
3610,DAL
3611,CHV
3612,TOR
3613,DAL
3614,KC 
3615,NY 
3616,DC 
3617,DAL
3618,LA 
3619,NE 
3620,CHI
3621,LA 
3622,RSL
3623,NE 
3624,NY 
3730,KC 
3731,NE 
3732,NE 
3733,COL
3734,TOR
3735,DC 
3736,CHV
3737,DC 
3738,NY 
3739,TOR
3740,CHV
3741,CLB
3742,CHV
3743,CLB
3744,TOR
3745,TOR
3746,NY 
3747,NE 
3748,COL
3749,COL
3750,COL
3751,CHV
3752,DC 
3753,SJ
3754,CLB
3755,CLB
3756,SJ 
3757,HOU
3758,TOR
3759,NE 
3760,SJ 
3761,NY 
3762,DC 
3763,RSL
3764,RSL
3765,LA 
3766,HOU
3767,RSL
3768,RSL
3769,KC 
3770,KC 
3771,TOR
3772,KC 
3773,KC 
3774,PAN
3775,DAL
3776,CHV
3777,CLB
3778,NY 
3779,CHI
3780,CHI
3781,SJ 
3782,RSL
3783,LA 
3784,DAL
3785,CHV
3786,CHV
3787,NY 
3788,TOR
3789,NY 
3790,CLB
3791,HOU
3792,COL
3793,CHI
3794,NY 
3795,NE 
3796,RSL
3797,NY 
3798,COL
3799,CHI
3800,DAL
3801,COL
3802,VAN
3803,LA 
3804,RSL
3805,CLB
3806,NY 
3807,TOR
3808,SJ 
3809,KC 
3810,DC 
3811,SEA
3812,DC 
3813,COL
3814,NE 
3815,DAL
3816,HOU
3817,CHV
3818,RSL
3819,NE 
3820,KC 
3821,NE 
3822,CHI
3823,DAL
3824,HOU
3825,DC 
3826,COL
3827,CHI
3828,CLB
3829,HOU
3830,CHI
3831,TOR
3832,CHI
3833,LA
3834,TOR
3835,SJ
3836,SJ 
3837,KC 
3838,LA 
3839,CHV
3840,RSL
3841,NY 
3842,SEA
3843,HOU
3844,DC 
3845,CLB
3846,CHV
3847,CHV
3848,CHI
3849,SJ 
3850,CLB
3851,CLB
3852,DAL
3853,NSH
3854,COL
3855,DC 
3856,LA 
3857,RSL
3858,TOR
3859,SJ 
3860,SEA
3861,NY 
3862,CLB
3863,CHV
3864,RSL
3865,RSL
3866,CHV
3867,CHI
3868,COL
3869,SEA
3870,RSL
3871,COL
3872,RSL
3873,HOU
3874,LA 
3875,DC 
3876,CLB
3877,TOR
3878,DC 
3879,DC 
3880,LA 
3881,CHI
3882,LA 
3883,SEA
3884,COL
3885,CHI
3886,COL
3887,NY 
3888,TOR
3889,SJ 
3890,KC 
3891,NE 
3892,TOR
3893,LA 
3894,NY 
3895,CLB
3896,NE 
3897,DAL
3898,TOR
3899,KC 
3900,NE 
3901,SEA
3902,TOR
3903,COL
3904,RSL
3905,CLB
3906,CLB
3907,NY 
3908,TOR
3909,NE 
3910,HOU
3911,CLB
3912,COL
3913,CHI
3914,MIN
3915,SEA
3916,RSL
3917,DAL
3918,SEA
3919,LA 
3920,CHV
3921,HOU
3922,SJ 
3923,COL
3924,NE 
3925,SJ 
3926,DC 
3927,NE 
3928,ATL
3929,HOU
3930,MIA
3931,CHI
3932,COL
3933,SEA
3934,DC 
3935,CHV
3936,SJ 
3937,CHV
3938,KC 
3939,CLB
3940,NY 
3941,TOR
3942,KC 
3943,DC 
3944,CHV
3945,HOU
3946,RSL
3947,COL
3948,CHI
3949,KC 
3950,HOU
3951,CLB
3952,DC 
3953,RSL
3954,DAL
3955,NY 
3956,DAL
3957,LA 
3958,HOU
3959,HOU
3960,COL
3961,CLB
3962,CHV
3963,RSL
3964,TOR
3965,HOU
3966,SJ 
3967,TOR
3968,SJ
3969,KC 
3970,SEA
3971,SLV
3972,MIA
3973,HOU
3974,HOU
3975,HOU
3976,CHI
3977,LAFC
3978,RSL
3979,KC 
3980,SJ 
3981,CHI
3982,LA 
3983,KC 
3985,SJ 
3986,SEA
3987,RSL
3988,NE 
3989,DC 
3990,TOR
3991,SKC
3992,LA 
3993,RSL
3995,LA 
3996,CHV
3997,DAL
3998,SJ 
3999,TOR
4000,KC 
4001,CHV
4002,CLB
4003,CLB
4004,CHI
4005,CHV
4006,NY 
4007,DAL
4008,NY 
4009,CLB
4010,COL
4011,LA 
4012,NE 
4013,CHV
4014,CHI
4015,CHI
4016,DAL
4017,CHI
4018,SKC
4019,CHV
4020,KC 
4021,CHV
4022,LA 
4023,CLB
4024,CHV
4025,NE 
4026,CHI
4027,NY 
4091,COL
4092,SEA
4093,CHI
4094,COL
4095,DAL
4096,CHI
4097,CHI
4098,CHV
4099,DAL
4100,HOU
4101,LA 
4102,HOU
4103,CHI
4104,KC 
4105,POR
4106,SJ 
4107,SEA
4108,SEA
4109,NE 
4110,KC 
4111,LA 
4112,DAL
4113,DAL
4114,RSL
4115,TOR
4116,NY 
4117,DAL
4118,COL
4119,TOR
4120,NE 
4121,DC 
4122,HAI
4123,NE 
4124,DAL
4125,NY 
4126,SKC
4127,CLB
4128,CHI
4129,TOR
4130,NY 
4131,SEA
4132,TOR
4133,NY 
4134,DAL
4135,COL
4136,COL
4137,DAL
4138,CHV
4139,KC 
4140,SJ 
4141,NY 
4142,HOU
4143,DAL
4144,LAFC
4145,NE 
4146,SJ 
4147,DAL
4148,NY 
4149,LA 
4150,LA 
4151,CLB
4152,NE 
4153,SEA
4154,NY 
4155,SJ 
4156,RSL
4157,NE 
4158,CHV
4159,CHV
4160,DC 
4161,SJ 
4162,NY 
4163,DC 
4164,NY 
4165,NY 
4166,SJ
4167,LA 
4168,TOR
4169,PHI
4170,COL
4171,COL
4172,NY 
4173,RSL
4174,DAL
4175,VAN
4176,SEA
4177,COL
4178,CLB
4179,CHV
4180,DAL
4181,LA 
4182,RSL
4183,CHI
4184,PHI
4185,HOU
4186,TOR
4187,CHI
4188,NE 
4189,KC 
4190,RSL
4191,CLB
4192,CHV
4193,HOU
4194,RSL
4195,MIA
4196,HOU
4197,CHI
4198,NY 
4199,CHV
4200,NE
4201,KC 
4202,DAL
4203,CLB
4204,LAFC
4205,SEA
4206,NE 
4207,DC 
4208,COL
4209,NE 
4210,LA 
4211,DAL
4212,PHI
4213,ATL
4214,CHV
4215,NY 
4216,COL
4217,CLB
4218,NE 
4219,NE 
4220,RSL
4221,CLB
4222,CHV
4223,HOU
4224,SJ 
4225,CHI
4226,PHI
4227,MIN
4228,CHI
4229,RSL
4230,NY 
4231,NE 
4232,HOU
4233,CHI
4234,PHI
4235,NE 
4236,TOR
4237,DAL
4238,COL
4239,RSL
4240,KC 
4241,CHV
4242,SEA
4243,NY 
4244,CLB
4245,DAL
4246,LA 
4247,HOU
4248,LA 
4249,DC 
4250,SEA
4251,HOU
4252,LA 
4253,DC 
4254,HOU
4255,CHV
4256,NE 
4257,DC 
4258,NY 
4259,CLB
4260,HOU
4261,CLB
4262,NE 
4263,RSL
4264,CHI
4265,TOR
4266,USA
4267,DC 
4268,COL
4269,KC 
4270,SJ 
4271,CHI
4272,LA 
4273,COL
4274,SJ 
4275,RSL
4276,TOR
4277,RSL
4278,CHI
4279,HOU
4280,TOR
4281,NE 
4282,CHI
4283,SEA
4284,HOU
4285,CHV
4286,SEA
4287,LA
4288,COL
4289,SJ 
4290,NY 
4291,MIN
4292,HOU
4293,CLB
4294,SJ 
4295,SEA
4296,TOR
4297,NSH
4298,SJ 
4299,NY 
4300,SEA
4301,SEA
4302,RSL
4303,TOR
4304,LA 
4305,CHI
4306,LAFC
4307,SJ 
4308,LA 
4309,NY 
4310,SEA
4311,SJ 
4312,DAL
4313,NY 
4314,SJ 
4315,LA 
4316,RSL
4317,NY 
4318,MIA
4319,CHV
4320,CLB
4321,CHI
4322,HOU
4323,SEA
4324,SJ 
4325,CHI
4326,TOR
4327,CLB
4328,CHI
4329,DC 
4330,CHV
4331,CLB
4332,POR
4333,NY 
4334,SEA
4335,DAL
4336,KC 
4337,HOU
4338,LA 
4339,RSL
4340,COL
4341,CHV
4342,CHV
4343,SJ
4344,DC 
4345,COL
4346,CHI
4347,SKC
4348,CHV
4349,SJ 
4350,CLB
4351,LA 
4352,PHI
4353,DAL
4354,KC 
4355,HOU
4356,TOR
4357,CHV
4358,COL
4359,CHV
4360,SEA
4361,KC 
4362,HOU
4363,LA 
4364,DC 
4365,NY 
4366,CLB
4367,DAL
4368,NY 
4369,TOR
4370,CHI
4371,LA 
4374,SEA
4375,COL
4376,KC 
4377,HOU
4378,CHV
4379,TOR
4380,RSL
4381,NY 
4382,CLB
4383,CHV
4384,SJ 
4385,CHI
4386,CLB
4387,CHI
4388,NE 
4389,CHV
4390,SEA
4391,SJ 
4392,SEA
4393,NE 
4394,CHV
4395,DAL
4396,SJ 
4397,PHI
4398,KC 
4399,SJ 
4400,CHI
4401,RSL
4402,TOR
4403,NE 
4404,NE 
4405,SKC
4406,CHV
4407,DC 
4408,DC 
4483,CLB
4484,SEA
4485,NY 
4486,DAL
4487,DAL
4488,CHV
4489,MIA
4490,COL
4491,TOR
4492,CHI
4493,DC 
4494,PHI
4495,CHI
4496,SJ 
4497,SEA
4498,NY 
4499,CHI
4500,SJ 
4501,DC 
4502,TOR
4503,HOU
4504,HOU
4505,LA 
4506,DAL
4507,KC 
4508,CHI
4509,CHV
4510,CLB
4511,CLB
4512,DC 
4513,NE 
4514,SJ 
4515,DC 
4516,DAL
4517,COL
4518,CHI
4519,SJ 
4520,CHI
4521,CHI
4522,LAFC
4523,TOR
4524,PHI
4525,RSL
4526,LA 
4527,DC 
4528,PHI
4529,HAI
4530,SKC
4531,DAL
4532,NY 
4533,DC 
4534,TOR
4535,NY 
4536,DC 
4537,NE 
4538,SEA
4539,PHI
4540,LA 
4541,COL
4542,DC 
4543,COL
4544,TOR
4545,LA 
4546,COL
4547,KC 
4548,NE
4549,NE 
4550,SJ 
4551,COL
4552,PHI
4553,TOR
4554,TOR
4555,CHI
4556,KC 
4557,KC 
4558,COL
4559,DC 
4560,DC 
4561,COL
4562,PHI
4563,DC 
4564,SEA
4565,CLB
4566,DAL
4567,PHI
4568,PHI
4569,DC 
4570,DC 
4571,SJ
4572,NY 
4573,CLB
4574,VAN
4575,LA 
4576,VAN
4577,CHI
4578,PHI
4579,MIA
4580,RSL
4581,DC 
4582,RSL
4583,VAN
4584,CHV
4585,COL
4586,NY 
4587,NE
4588,KC 
4589,SEA
4590,CHV
4591,CHV
4592,CLB
4593,POR
4594,CHI
4595,DAL
4596,TOR
4597,NE 
4598,POR
4599,NY 
4600,NY 
4601,LA 
4602,DC 
4603,ATL
4604,DAL
4605,POR
4606,COL
4607,MIA
4608,SJ 
4609,COL
4610,NE 
4611,CHI
4612,PHI
4613,SEA
4614,DC 
4615,SKC
4616,LAFC
4617,SEA
4618,CHI
4619,COL
4620,HOU
4621,CHI
4622,PHI
4623,SJ 
4624,SJ 
4625,CHV
4626,SEA
4627,SJ 
4628,HOU
4629,HOU
4630,SEA
4631,CLB
4632,LA 
4633,HOU
4634,NE 
4635,LA 
4636,HOU
4637,LA 
4638,DAL
4639,COL
4640,HOU
4641,RSL
4642,COL
4643,TOR
4644,TOR
4645,PHI
4646,COL
4647,SJ 
4648,COL
4649,PHI
4650,MIN
4651,SEA
4652,PHI
4653,CHV
4654,NE 
4655,DAL
4656,POR
4657,DAL
4658,RSL
4659,CHI
4660,VAN
4661,CLB
4662,PHI
4663,POR
4664,LA 
4665,VAN
4666,CLB
4667,RSL
4668,CHV
4669,POR
4670,DAL
4671,NE 
4672,RSL
4673,VAN
4674,TOR
4675,DAL
4676,PHI
4677,HOU
4678,CLB
4679,DAL
4680,CLB
4681,KC 
4682,SKC
4683,DAL
4684,SEA
4685,SEA
4686,POR
4687,CLB
4688,SEA
4689,CHI
4690,SJ 
4691,LA 
4692,NSH
4693,NE 
4694,NE
4695,CLB
4696,NE 
4697,PHI
4698,TOR
4699,RSL
4700,HOU
4701,NY 
4702,RSL
4703,RSL
4704,COL
4705,SEA
4706,NE 
4707,DC 
4708,DAL
4709,RSL
4710,TOR
4711,CHI
4712,RSL
4713,CHI
4714,CHI
4715,DAL
4716,DAL
4717,COL
4718,DC 
4719,VAN
4720,TOR
4721,CHV
4722,SJ 
4723,PHI
4724,PHI
4725,SKC
4726,SJ 
4727,SJ
4728,LA 
4729,CHV
4730,HOU
4731,CHV
4732,HOU
4733,PHI
4734,SEA
4735,SEA
4736,VAN
4737,HOU
4738,HAI
4739,DC 
4740,CHI
4741,SJ 
4742,DC 
4743,CLB
4744,RSL
4745,DC 
4746,DAL
4747,LA 
4748,NE 
4749,CHV
4750,NE 
4751,DAL
4752,COL
4753,COL
4754,CLB
4755,VAN
4756,NE 
4757,COL
4758,DAL
4759,HOU
4760,PHI
4761,NE 
4762,POR
4763,HOU
4764,POR
4765,NE 
4766,CLB
4767,LA 
4768,KC 
4769,DAL
4770,ROC
4771,LA 
4772,KC 
4773,CHV
4774,POR
4775,SEA
4776,DC 
4777,CHI
4778,SJ 
4779,HOU
4780,CHV
4781,POR
4782,DC 
4783,CLB
4784,HOU
4785,PHI
4786,CHV
4787,HOU
4788,LA
4789,SEA
4790,CHV
4791,CHV
4792,PHI
4793,CLB
4794,COL
4795,PHI
4796,NE 
4797,DC 
4798,NE 
4799,LA 
4800,VAN
4801,SJ 
4802,CHV
4803,NY 
4804,NSH
4805,POR
4806,LAFC
4807,NY 
4808,COL
4809,CHI
4810,LA 
4811,NY 
4812,CLB
4813,DAL
4814,CHV
4815,NE 
4816,CHV
4817,DAL
4818,SJ 
4819,NY 
4820,POR
4824,RSL
4825,HOU
4826,NY 
4827,SJ 
4828,CHV
4829,DAL
4830,SEA
4831,RSL
4832,RSL
4833,CHI
4834,CLB
4835,SEA
4836,CHV
4837,KC 
4838,SJ 
4839,DAL
4840,KC 
4841,NY 
4842,NE 
4846,SJ 
4847,NE 
4848,CHI
4849,COL
4850,SEA
4851,VAN
4852,RSL
4853,LA 
4854,HOU
4855,TOR
4856,NY 
4857,POR
4858,LA 
4859,COL
4860,CHV
4861,RSL
4862,TOR
4863,DC 
4864,SEA
4865,CHI
4866,KC 
4867,TOR
4868,VAN
4869,SJ 
4870,SJ 
4871,CLB
4872,NE 
4873,CLB
4874,KC 
4875,RSL
4876,KC 
4877,TOR
4878,CHI
4978,VAN
4979,NY 
4980,NY 
4981,VAN
4982,RSL
4983,SJ 
4984,SJ 
4985,COL
4986,NY 
4987,CLB
4988,SJ 
4989,CHI
4990,VAN
4991,NY 
4992,POR
4993,VAN
4994,POR
4995,DC 
4996,DAL
4997,KC 
4998,NY 
4999,KC 
5000,VAN
5001,LA 
5002,COL
5003,CHV
5004,NE 
5005,LAFC
5006,DAL
5007,TOR
5008,VAN
5009,TOR
5010,COL
5011,VAN
5012,HOU
5013,MIN
5014,TOR
5015,RSL
5016,TOR
5017,PHI
5018,CLB
5019,LA 
5020,CLB
5021,SEA
5022,MIN
5023,CHI
5024,SJ 
5025,MIA
5026,SEA
5027,TOR
5028,NE 
5029,TOR
5030,VAN
5031,CHV
5032,VAN
5033,HOU
5034,POR
5035,LA 
5036,CHI
5037,NE 
5038,HOU
5039,TOR
5040,CHV
5041,VAN
5042,COL
5043,SJ 
5044,TOR
5045,RSL
5046,CLB
5047,TOR
5048,KC 
5049,CHI
5050,SEA
5051,NE
5052,CHI
5053,SEA
5054,POR
5055,DC 
5056,PHI
5057,POR
5058,HOU
5059,DC 
5060,DC 
5061,TOR
5062,PHI
5063,VAN
5064,RSL
5065,DAL
5066,LA 
5067,SJ
5068,NY 
5069,RSL
5070,LA 
5071,NY 
5072,SEA
5073,VAN
5074,SJ 
5075,DC 
5076,SEA
5077,COL
5078,NE 
5079,SJ 
5080,LA 
5081,MTL
5082,RSL
5083,CLB
5084,DAL
5085,TOR
5086,CLB
5087,CHI
5088,HOU
5089,COL
5090,PHI
5091,CHI
5092,DC 
5093,SJ 
5094,DC 
5095,LA 
5096,TOR
5097,LA 
5098,DC 
5099,VAN
5100,POR
5101,CHI
5102,TOR
5103,DAL
5104,CHI
5105,MTL
5106,COL
5107,CLB
5108,PAN
5109,DC 
5110,SKC
5111,DC
5112,VAN
5113,NY 
5114,HOU
5115,TOR
5116,TOR
5117,LA 
5118,MTL
5119,COL
5120,NY 
5121,MIA
5122,PHI
5123,NE
5124,SEA
5125,POR
5126,DC
5127,CHI
5128,DAL
5129,HOU
5130,CHI
5131,RSL
5132,SEA
5133,CHI
5134,NY 
5135,MTL
5136,HOU
5137,HOU
5138,CLB
5139,MTL
5140,PHI
5141,KC 
5142,RSL
5143,MTL
5144,CHV
5145,SEA
5146,SJ 
5147,RSL
5148,NY 
5149,NE
5150,CHV
5151,POR
5152,ECU
5153,RSL
5154,NSH
5155,MIA
5156,CLB
5157,COL
5158,COL
5159,VAN
5160,VAN
5161,MIA
5162,CHI
5163,PHI
5164,PHI
5165,LA 
5166,COL
5167,NY 
5168,DAL
5169,CHI
5170,TOR
5171,ATL
5172,DAL
5173,COL
5174,COL
5175,SJ 
5176,NY 
5177,NE 
5178,CHI
5179,MTL
5180,DC 
5181,DC 
5182,COL
5183,HOU
5184,DAL
5185,TOR
5186,HOU
5187,SJ 
5188,COL
5189,LA 
5190,CHI
5191,VAN
5192,NE
5193,RSL
5194,MTL
5195,RSL
5196,NE 
5197,CLB
5198,TOR
5199,CHV
5200,LA 
5201,DC 
5202,VAN
5203,NE 
5204,SJ 
5205,HOU
5206,COL
5207,MTL
5208,COL
5209,CHV
5210,DAL
5211,NE 
5212,RSL
5213,CHV
5214,DAL
5215,DAL
5216,CHV
5217,CLB
5218,HON
5219,PHI
5220,CHI
5221,SJ
5222,DC 
5223,SJ 
5224,DAL
5225,POR
5226,PHI
5227,TOR
5228,VAN
5229,SEA
5230,SJ 
5231,POR
5232,CHI
5233,LA 
5234,RSL
5235,CLB
5236,NY 
5237,TOR
5238,DC 
5239,LAFC
5240,KC 
5241,CLB
5242,PHI
5243,MTL
5244,NY 
5245,CHV
5246,CLB
5247,POR
5248,NE 
5249,MIN
5250,NE 
5251,HOU
5252,DAL
5253,LA 
5254,HOU
5255,CLB
5256,SEA
5257,NY 
5258,DC 
5259,VAN
5260,SEA
5261,TOR
5262,TOR
5263,SEA
5264,COL
5265,POR
5266,VAN
5267,DAL
5268,HOU
5269,VAN
5270,NSH
5271,PHI
5272,PHI
5273,CHV
5274,POR
5275,KC 
5276,DAL
5277,ORL
5278,DAL
5279,POR
5280,SEA
5281,NE 
5282,LAFC
5283,LA 
5284,COL
5285,CLB
5286,RSL
5287,CHI
5288,DAL
5289,CHV
5290,DC 
5291,TOR
5292,DAL
5293,CLB
5294,HOU
5295,POR
5296,LA 
5297,HOU
5298,NE 
5299,CHI
5300,CHV
5301,DAL
5302,PHI
5303,NE 
5304,CLB
5305,DC 
5306,CHV
5307,POR
5308,KC 
5309,KC 
5310,NY 
5311,SJ 
5312,POR
5313,COL
5314,RSL
5315,LA 
5316,VAN
5317,LAFC
5318,CHV
5319,SJ 
5320,NY 
5321,CLB
5322,DC 
5323,SEA
5324,SEA
5325,NY 
5326,RSL
5327,CLB
5330,LA 
5331,TOR
5332,HOU
5333,TOR
5334,POR
5335,TOR
5336,SKC
5337,CHV
5338,RSL
5339,HOU
5340,TOR
5341,CHV
5342,HOU
5343,RSL
5344,NE
5345,CHV
5346,SKC
5347,CLB
5350,DC 
5351,LA 
5352,CHV
5353,MTL
5354,PHI
5355,CLB
5356,TOR
5357,HOU
5358,CHV
5359,CHI
5360,SEA
5361,PHI
5362,DC 
5363,COL
5364,SJ 
5365,KC 
5366,NY 
5367,SJ 
5368,LA 
5369,VAN
5370,CLB
5371,CHV
5372,NE 
5373,NY 
5374,SEA
5375,CHV
5376,RSL
5377,MIN
5378,CHV
5379,KC 
5380,NE 
5381,POR
5382,COL
5383,MTL
5384,VAN
5385,MTL
5386,CHI
5387,CHI
5388,LA
5389,RSL
5390,NE 
5391,MTL
5392,NE 
5393,PHI
5394,SEA
5395,COL
5522,CHI
5523,VAN
5524,COL
5525,PHI
5526,SEA
5527,NE 
5528,KC 
5529,KC 
5530,DAL
5531,MIA
5532,VAN
5533,NE 
5534,COL
5535,RSL
5536,TOR
5537,PHI
5538,SEA
5539,POR
5540,ROC
5541,KC 
5542,VAN
5543,DAL
5544,SLV
5545,NY 
5546,PHI
5547,TOR
5548,SEA
5549,SEA
5550,POR
5551,TOR
5552,DC 
5553,VAN
5554,CHI
5555,CLB
5556,CHV
5557,SJ 
5558,CLB
5559,HOU
5560,NE 
5561,NY 
5562,CLB
5563,MTL
5564,CHV
5565,CLB
5566,LA 
5567,DAL
5568,DAL
5569,CHI
5570,DC 
5571,MTL
5572,NE 
5573,CLB
5574,POR
5575,TOR
5576,CHI
5577,MIN
5578,POR
5579,CHI
5580,VAN
5581,KC 
5582,MTL
5583,PHI
5584,HOU
5585,COL
5586,MTL
5587,KC 
5588,RSL
5589,RSL
5590,VAN
5591,PHI
5592,MIN
5593,COL
5594,CHV
5595,HOU
5596,POR
5597,TOR
5598,DAL
5599,DAL
5600,MTL
5601,CHV
5602,POR
5603,HOU
5604,TOR
5605,VAN
5606,CHI
5607,MTL
5608,LA 
5609,NE
5610,CLB
5611,RSL
5612,PHI
5613,DC
5614,NY 
5615,DAL
5616,SJ
5617,POR
5618,LA 
5619,NY 
5620,PHI
5621,KC 
5622,COL
5623,POR
5624,POR
5625,CLB
5626,HOU
5627,MIA
5628,NY 
5629,SEA
5630,RSL
5631,SEA
5632,SEA
5633,SEA
5634,VAN
5635,TOR
5636,NE
5637,POR
5638,COL
5639,CHV
5640,SKC
5641,RSL
5642,CIN
5643,DAL
5644,DC
5645,COL
5646,NY 
5647,RSL
5648,NE 
5649,RSL
5650,RSL
5651,COL
5652,NY 
5653,TOR
5654,COL
5655,HOU
5656,MTL
5657,SEA
5658,RSL
5659,MIA
5660,RSL
5661,LA 
5662,SEA
5663,NSH
5664,CHI
5665,HOU
5666,KC 
5667,CLB
5668,SJ 
5669,CHI
5670,NY 
5671,CHI
5672,SJ 
5673,LAFC
5674,COL
5675,CLB
5676,CHI
5677,NY 
5678,ATL
5679,PHI
5680,DAL
5681,DAL
5682,HOU
5683,CLB
5684,NE 
5685,KC 
5686,DC 
5687,CLB
5688,MTL
5689,PHI
5690,VAN
5691,POR
5692,DAL
5693,DAL
5694,PHI
5695,CHV
5696,PHI
5697,DC 
5698,PAN
5699,PHI
5700,HOU
5701,PHI
5702,HOU
5703,DAL
5704,DC 
5705,VAN
5706,CHI
5707,MIN
5708,DAL
5709,TOR
5710,COL
5711,RSL
5712,CLB
5713,VAN
5714,PHI
5715,CHI
5716,MTL
5717,SJ
5718,DAL
5719,VAN
5720,SJ 
5721,ATL
5722,CHI
5723,KC 
5724,CHV
5725,DC 
5726,NE 
5727,TOR
5728,MTL
5729,HON
5730,MTL
5731,CHI
5732,DAL
5733,ORL
5734,CHV
5735,MTL
5736,PHI
5737,DC 
5738,TOR
5739,MTL
5740,COL
5741,CHI
5742,LA 
5743,TOR
5744,NY 
5745,NSH
5746,CHV
5747,NE 
5748,DAL
5749,DC 
5750,CHV
5751,DC 
5752,HOU
5753,NY 
5754,MTL
5755,NE 
5756,POR
5757,LA
5758,COL
5759,CHV
5760,LA 
5761,POR
5762,VAN
5763,KC 
5764,LA 
5765,SJ 
5766,DAL
5767,NSH
5768,COL
5769,POR
5770,MTL
5771,COL
5772,TOR
5773,TOR
5774,POR
5775,PHI
5776,RSL
5777,VAN
5778,USA
5779,CHI
5780,LA 
5781,SJ 
5782,TOR
5783,PHI
5784,ORL
5785,CHI
5786,MTL
5787,LA 
5788,CLB
5789,KC 
5790,VAN
5791,TOR
5792,DAL
5793,MTL
5794,VAN
5795,PHI
5796,MIN
5797,MTL
5798,TOR
5799,LAFC
5800,TOR
5801,HOU
5802,TOR
5803,CHV
5804,POR
5805,SJ 
5806,CLB
5807,CLB
5808,MTL
5809,RSL
5810,RSL
5811,SJ 
5812,CHI
5813,PHI
5814,RSL
5815,LA 
5816,LA 
5817,POR
5818,DAL
5819,CHV
5820,NE 
5821,MTL
5822,CLB
5823,CHV
5824,CHI
5825,SEA
5826,CHV
5827,MTL
5828,DC 
5829,POR
5830,TOR
5831,COL
5832,CHV
5833,SEA
5834,NE 
5835,COL
5836,RSL
5837,COL
5838,NE 
5839,COL
5840,HOU
5841,CHV
5842,HON
5843,CLB
5844,SEA
5845,COL
5846,VAN
5847,NY 
5848,CLB
5849,SEA
5850,HOU
5851,NY 
5852,POR
5853,NE
5854,RSL
5855,CHV
5856,COL
5857,NY 
5858,NY 
5859,COL
5860,VAN
5861,NE
5862,COL
5863,HOU
5864,SKC
5865,TOR
5866,LA 
5867,SKC
5868,SJ 
5869,SJ 
5872,NY 
5873,NE 
5874,TOR
5875,HON
5876,MTL
5877,NY 
5878,CHV
5879,MTL
5880,COL
5881,SJ 
5882,CLB
5883,POR
5884,KC 
5885,CLB
5886,VAN
5887,RSL
5888,KC 
5889,NE 
5890,DC 
5891,HOU
5892,RSL
5893,SJ 
5894,TOR
5895,DC 
5896,POR
5897,TOR
5898,SEA
5899,DC 
5900,HOU
5901,RSL
5902,DC 
5903,NY 
5904,MIA
5905,NE
5906,COL
5907,CLB
5908,RSL
5909,SEA
5910,NE
5911,TOR
5912,CHI
5913,PHI
5914,CHI
5915,DC 
5916,DC 
5917,SEA
5918,VAN
5919,DAL
5920,HOU
5921,POR
5922,KC 
5923,KC 
5924,LA 
5925,PHI
5926,MIN
6041,TOR
6042,DC 
6043,DAL
6044,CHI
6045,NSH
6046,COL
6047,RSL
6048,PHI
6049,KC 
6050,PHI
6051,CHI
6052,CHI
6053,HOU
6054,SJ 
6055,LA 
6056,LA 
6057,TOR
6058,DC 
6059,CHI
6060,SJ 
6061,TOR
6062,PHI
6063,RSL
6064,RSL
6065,LAFC
6066,POR
6067,NE 
6068,MIA
6069,SJ 
6070,SEA
6071,HOU
6072,HOU
6073,MTL
6074,NE 
6075,VAN
6076,DAL
6077,POR
6078,TOR
6079,TOR
6080,CLB
6081,DAL
6082,DC 
6083,TOR
6084,NY 
6085,RSL
6086,SEA
6087,DC 
6088,DC 
6089,CHV
6090,CHV
6091,SJ 
6092,CLB
6093,CLB
6094,SJ 
6095,HOU
6096,COL
6097,CHV
6098,TOR
6099,VAN
6100,SJ 
6101,MIN
6102,DC 
6103,PHI
6104,DC 
6105,CHV
6106,MIA
6107,LA 
6108,DAL
6109,RSL
6110,TOR
6111,COL
6112,TOR
6113,SEA
6114,PHI
6115,SEA
6116,LA 
6117,CHI
6118,LA 
6119,CHV
6120,CHV
6121,DC 
6122,COL
6123,PHI
6124,COL
6125,DAL
6126,NY 
6127,POR
6128,SEA
6129,SEA
6130,SJ 
6131,VAN
6132,TOR
6133,RSL
6134,HOU
6135,NE 
6136,SEA
6137,VAN
6138,SJ 
6139,KC 
6140,DC 
6141,DC 
6142,ECU
6143,CLB
6144,TOR
6145,CHI
6146,CHV
6147,CLB
6148,CHV
6149,DC 
6150,CHV
6151,DC 
6152,LAFC
6153,ORL
6154,LA 
6155,MIA
6156,SEA
6157,CLB
6158,SEA
6159,CHV
6160,SJ
6161,RSL
6162,PHI
6163,POR
6164,DC 
6165,MIN
6166,DC
6167,DAL
6168,HOU
6169,DC 
6170,TOR
6171,LA 
6172,NY 
6173,VAN
6174,DAL
6175,MTL
6176,SEA
6177,COL
6178,RSL
6179,SEA
6180,CLB
6181,MTL
6182,DAL
6183,CHI
6184,RSL
6185,PHI
6186,RSL
6187,MTL
6188,CHI
6189,TOR
6190,CHI
6191,MTL
6192,ORL
6193,DC 
6194,POR
6195,SEA
6196,RSL
6197,CHI
6198,SEA
6199,CHV
6200,MTL
6201,ATL
6202,VAN
6203,POR
6204,CLB
6205,COL
6206,COL
6207,SKC
6208,LA 
6209,NE
6210,LA
6211,LA 
6212,NE
6213,SKC
6214,NY 
6215,POR
6216,LA 
6217,CLB
6218,VAN
6219,HOU
6220,NY 
6221,KC 
6222,NE
6223,HOU
6224,TOR
6225,DAL
6226,SJ 
6227,CIN
6228,MTL
6229,COL
6230,TOR
6231,TOR
6232,DAL
6233,LA 
6234,SEA
6235,DC
6236,PHI
6237,NE 
6238,TOR
6239,SEA
6240,COL
6241,DAL
6242,NSH
6243,CHI
6244,HOU
6245,RSL
6246,SJ 
6247,PHI
6248,SJ 
6249,PHI
6250,VAN
6251,RSL
6252,VAN
6253,DAL
6254,MIN
6255,PAN
6256,KC 
6257,CHI
6258,CHV
6259,RSL
6260,PHI
6261,NY 
6262,POR
6263,CLB
6264,TOR
6265,NE 
6266,DAL
6267,TOR
6268,CIN
6269,RSL
6270,KC 
6271,PHI
6272,MIA
6273,RSL
6274,KC 
6275,NY 
6276,PHI
6277,SJ 
6278,PHI
6279,SJ 
6280,HOU
6281,POR
6282,TOR
6283,KC 
6284,COL
6285,CHI
6286,PHI
6287,NE 
6288,HOU
6289,COL
6290,MTL
6291,PHI
6292,CHV
6293,COL
6294,KC 
6295,CIN
6296,CLB
6297,CHI
6298,MTL
6299,LAFC
6300,COL
6301,CHI
6302,DC 
6303,PHI
6304,SJ 
6305,SJ
6306,CLB
6307,NE 
6308,CLB
6309,MIA
6310,DC 
6311,NE 
6312,CHI
6313,COL
6314,MTL
6315,SEA
6316,DC 
6317,CLB
6318,KC 
6319,POR
6320,RSL
6321,DC 
6322,NE 
6323,NE 
6324,CHI
6325,NY 
6326,CHV
6327,CHV
6328,TOR
6329,MTL
6330,SJ 
6331,MTL
6332,MIN
6333,POR
6334,HOU
6335,VAN
6336,CHI
6337,CHI
6338,SJ 
6339,COL
6340,PHI
6341,PHI
6342,HON
6343,RSL
6344,COL
6345,NY 
6346,VAN
6347,DAL
6348,CLB
6349,POR
6350,CHI
6351,DC 
6352,SEA
6353,HOU
6354,LA 
6355,PHI
6356,CHV
6357,CHI
6358,NE 
6359,LA
6360,CHV
6361,RSL
6362,CHV
6363,TOR
6364,CHI
6365,SJ 
6366,TOR
6367,RSL
6368,CHV
6369,MTL
6370,CLB
6371,CLB
6372,LA 
6373,SEA
6374,HOU
6375,USA
6376,DAL
6377,NE 
6378,LA 
6380,VAN
6381,DC 
6382,CHV
6383,KC 
6384,NY 
6385,TOR
6386,RSL
6387,HOU
6388,NY 
6389,MTL
6390,POR
6391,KC 
6392,MIA
6393,POR
6394,DC 
6395,CHI
6396,NSH
6397,NE
6398,POR
6399,CHV
6400,PHI
6401,PHI
6402,LA 
6403,VAN
6404,KC 
6405,COL
6406,NE
6407,MIN
6412,USA
6413,CHV
6414,DAL
6415,KC 
6416,MTL
6417,VAN
6418,POR
6419,PHI
6420,MTL
6421,CHV
6422,DC 
6423,COL
6424,CHV
6425,DAL
6426,SKC
6427,PHI
6428,RSL
6429,COL
6430,COL
6431,COL
6432,CHV
6433,NSH
6434,VAN
6435,SJ 
6436,DC 
6437,SJ 
6438,TOR
6439,RSL
6440,NSH
6441,NE 
6442,CLB
6443,MIA
6444,NY 
6445,LA 
6446,PHI
6447,CHV
6448,COL
6449,CHI
6450,CHV
6451,HOU
6561,KC 
6562,CHI
6563,KC 
6564,LA 
6565,LA 
6566,KC 
6567,VAN
6568,SEA
6569,MTL
6570,HOU
6571,CHV
6572,RSL
6573,TOR
6574,TOR
6575,KC 
6576,VAN
6577,DC 
6578,POR
6579,CLB
6580,SEA
6581,POR
6582,VAN
6583,CHI
6584,CHI
6585,LA 
6586,CHI
6587,NY 
6588,CHV
6589,POR
6590,DAL
6591,SEA
6592,SJ 
6593,TOR
6594,PHI
6595,CHI
6596,SEA
6597,TOR
6598,DC 
6599,NSH
6600,LA 
6601,CLB
6602,RSL
6603,MTL
6604,LA 
6605,MTL
6606,DAL
6607,CLB
6608,DC 
6609,RSL
6610,DC 
6611,PHI
6612,MTL
6613,DC 
6614,NY 
6615,MTL
6616,RSL
6617,CLB
6618,DC 
6619,SEA
6620,NY 
6621,NY 
6622,MTL
6623,MTL
6624,COL
6625,CHV
6626,COL
6627,CHI
6628,CLB
6629,CLB
6630,DC 
6631,DC 
6632,MIN
6633,SJ 
6634,NSH
6635,ATL
6636,CHI
6637,LA 
6638,VAN
6639,POR
6640,SJ 
6641,HOU
6642,HOU
6643,CHI
6644,VAN
6645,COL
6646,CHV
6647,SJ 
6648,HOU
6649,TOR
6650,MTL
6651,NY 
6652,NE
6653,SJ
6654,DAL
6655,PHI
6656,HON
6657,HON
6658,KC 
6659,DAL
6660,ORL
6661,HOU
6662,CHI
6663,SJ 
6664,MTL
6665,RSL
6666,DAL
6667,SJ 
6668,HOU
6669,RSL
6670,KC 
6671,HOU
6672,CHI
6673,POR
6674,CLB
6675,LA 
6676,DC
6677,RSL
6678,POR
6679,DAL
6680,NE 
6681,TOR
6682,TOR
6683,COL
6684,LA 
6685,NYC
6686,LAFC
6687,ORL
6688,CLB
6689,SJ
6690,SEA
6691,TOR
6692,MIN
6693,ORL
6694,SEA
6695,CIV
6696,KC 
6697,SEA
6698,NYR
6699,KC 
6700,NE 
6701,DC 
6702,VAN
6703,NSH
6704,DAL
6705,MTL
6706,NYR
6707,ORL
6708,CHI
6709,LA
6710,RSL
6711,DAL
6712,DC
6713,PHI
6714,HOU
6715,MTL
6716,MIA
6717,NE
6718,CIN
6719,VAN
6720,MIA
6721,CHI
6722,HOU
6723,LA
6724,DAL
6725,DC 
6726,RSL
6727,CHI
6728,TOR
6729,VAN
6730,NE
6731,CLB
6732,DAL
6733,CLB
6734,ATL
6735,DC 
6736,CLB
6737,TOR
6738,CLB
6739,HOU
6740,RSL
6741,DC 
6742,COL
6743,CHI
6744,ORL
6745,DAL
6746,PHI
6747,SEA
6748,PHI
6749,LA 
6750,HOU
6751,NYC
6752,LA 
6753,NE
6754,COL
6755,RSL
6756,MTL
6757,MTL
6758,PAN
6759,RSL
6760,SEA
6761,KC 
6762,NYR
6763,CHI
6764,SEA
6765,COL
6766,HOU
6767,LA 
6768,SJ
6769,DC
6770,CHI
6771,TOR
6772,VAN
6773,NYC
6774,SJ 
6775,CHI
6776,RSL
6777,COL
6778,COL
6779,PHI
6780,LA
6781,KC 
6782,VAN
6783,NYC
6784,NYC
6785,DC 
6786,ORL
6787,POR
6788,POR
6789,POR
6790,SJ 
6791,NE 
6792,NE
6793,LA 
6794,SKC
6795,TOR
6796,LA 
6797,DAL
6798,NYC
6799,CHI
6800,TOR
6801,LA 
6802,TOR
6803,COL
6804,PHI
6805,ORL
6806,CIN
6807,SJ 
6808,DAL
6809,SJ 
6810,POR
6811,HOU
6812,CHI
6813,MTL
6814,TOR
6815,PHI
6816,ORL
6817,POR
6818,HOU
6819,MIA
6820,NYR
6821,COL
6822,PHI
6823,RSL
6824,VAN
6825,NYR
6826,MIN
6827,COL
6828,MTL
6829,CHI
6830,HOU
6831,NSH
6832,DC
6833,DC 
6834,NSH
6835,DC 
6836,CIN
6837,PHI
6838,NSH
6839,TOR
6840,TOR
6841,POR
6842,DC 
6843,POR
6844,MTL
6845,LA 
6846,ORL
6847,DAL
6848,NSH
6849,NYR
6850,SKC
6851,SEA
6852,VAN
6853,TOR
6854,TOR
6855,LA 
6856,PHI
6857,PHI
6858,POR
6859,COL
6860,COL
6861,NE 
6862,LA 
6863,SEA
6864,HOU
6865,SEA
6866,ORL
6867,ORL
6868,KC 
6869,NYC
6870,PHI
6871,POR
6872,RSL
6873,CHI
6874,SEA
6875,PHI
6876,COL
6877,SEA
6878,SEA
6879,TOR
6880,RSL
6881,COL
6882,RSL
6883,HOU
6884,POR
6885,SEA
6886,RSL
6887,RSL
6888,DAL
6889,NYR
6890,DAL
6891,VAN
6892,VAN
6893,KC 
6894,HOU
6895,SKC
6896,NYR
6897,SEA
6898,USA
6899,ATL
6900,PHI
6901,TOR
6902,RSL
6903,COL
6904,NYR
6905,TOR
6906,NYC
6907,CAN
6908,CLB
6909,CHI
6910,RSL
6911,CAN
6912,LA 
6913,COL
6914,TOR
6915,NE 
6916,MIN
6917,RSL
6918,DC 
6919,MTL
6920,COL
6921,DC 
6922,SJ 
6923,HOU
6924,NYC
6925,MTL
6926,ORL
6927,COL
6928,DC 
6929,MTL
6930,CLB
6931,VAN
6932,NYC
6933,CLB
6934,CHI
6935,NYC
6936,HOU
6937,MIA
6938,ORL
6940,HOU
6941,MIA
6942,DC 
6943,VAN
6944,HON
6945,MTL
6946,RSL
6947,CLB
6948,CHI
6949,KC 
6950,CLB
6951,SEA
6952,DAL
6953,NE 
6954,NYC
6955,MTL
6956,SJ 
6957,RSL
6958,NE 
6959,DC 
6960,COL
6961,ORL
6962,KC 
6963,KC 
6964,HOU
6965,COL
6966,NYR
6967,COL
6971,ORL
6972,NE 
6973,CLB
6974,PHI
6975,CIN
6976,HOU
6977,NSH
6978,COL
6979,MIA
6980,HOU
6981,NYC
6982,CLB
6983,DAL
6984,CLB
6985,KC 
6986,HOU
6987,MIA
6988,DC 
6989,CLB
6990,MTL
6991,POR
6992,NYR
6993,SKC
6994,CIN
6995,HOU
6996,RBNY
6997,VAN
6998,DC 
6999,SJ 
7000,LAFC
7001,CHI
7002,KC 
7003,CHI
7004,POR
7005,SJ 
7006,SJ 
7007,NYC
7008,POR
7009,SEA
7010,CLB
7011,MIN
7012,ORL
7013,MIA
7014,CHI
7113,HOU
7114,DC 
7115,LA 
7116,NSH
7117,TOR
7118,MTL
7119,ORL
7120,SEA
7121,VAN
7122,VAN
7123,LA 
7124,MIA
7125,LA 
7126,NYR
7127,VAN
7128,LA 
7129,RSL
7130,NE 
7131,CLB
7132,VAN
7133,SJ 
7134,SJ 
7135,MTL
7136,ORL
7137,CLB
7138,NE 
7139,DAL
7140,CHI
7141,NYC
7142,POR
7143,DC 
7144,NYR
7145,DAL
7146,TOR
7147,NYC
7148,SEA
7149,SEA
7150,NE
7151,COL
7152,VAN
7153,KC 
7154,DAL
7155,POR
7156,JAM
7157,HOU
7158,MTL
7159,NE 
7160,HOU
7161,KC 
7162,CLB
7163,RSL
7164,PHI
7165,NYC
7166,CLB
7167,PHI
7168,CLB
7169,MTL
7170,LA 
7171,NSH
7172,RSL
7173,SJ 
7174,RBNY
7175,DC 
7176,PHI
7177,NSH
7178,COL
7179,SJ 
7180,NYC
7181,MTL
7182,POR
7183,DC 
7184,PHI
7185,NE
7186,LA 
7187,SEA
7188,CHI
7189,DC
7190,NYR
7191,SKC
7192,KC 
7193,VAN
7194,NYR
7195,NYC
7196,CLB
7197,DAL
7198,MIN
7199,LA 
7200,SEA
7201,PHI
7202,RSL
7203,SJ 
7204,NYC
7205,NSH
7206,SEA
7207,RSL
7208,KC 
7209,DAL
7210,SJ 
7211,NE
7212,CLB
7213,NE 
7214,MTL
7215,NYC
7216,POR
7217,LA 
7218,SJ
7219,HON
7220,CHI
7221,LAFC
7222,NYC
7223,TOR
7224,MTL
7225,ORL
7226,DC
7227,CLB
7228,LA
7229,POR
7230,ORL
7231,PHI
7232,SEA
7233,NYC
7234,SJ
7235,COL
7236,MIN
7237,CIV
7238,TOR
7239,LA 
7240,RSL
7241,ORL
7242,VAN
7243,DC
7244,NSH
7245,MTL
7246,COL
7247,PHI
7248,RSL
7249,DAL
7250,TOR
7251,SEA
7252,SKC
7253,NY
7254,MIA
7255,CHI
7256,RSL
7257,CHI
7258,LA
7259,MIA
7260,MIN
7261,MTL
7262,NE
7263,CLB
7264,LA 
7265,ORL
7266,NSH
7267,ORL
7268,DC 
7269,HOU
7270,HOU
7271,COL
7272,SKC
7273,HOU
7274,ATL
7275,DAL
7276,RSL
7277,CHI
7278,HOU
7279,VAN
7280,DC
7281,NE
7282,DAL
7283,TOR
7284,PHI
7285,CHI
7286,CIN
7287,HOU
7288,CHI
7289,SJ 
7290,NYC
7291,CHI
7292,POR
7293,DC
7294,SKC
7295,DC
7296,SEA
7297,NYC
7298,RSL
7299,HOU
7300,SEA
7301,DC
7302,SEA
7303,RSL
7304,DC 
7305,COL
7306,SEA
7307,NSH
7308,LA 
7309,DC
7310,SEA
7311,COL
7312,CHI
7313,MIN
7314,NSH
7315,POR
7316,HOU
7317,SJ 
7318,CHI
7319,MTL
7320,ORL
7321,MIN
7322,CLB
7323,SJ 
7324,ORL
7325,COL
7326,MIA
7327,DC
7328,LA
7329,CIN
7330,CLB
7331,CIN
7332,NY
7333,VAN
7334,COL
7335,HOU
7336,ORL
7337,RBNY
7338,DC
7339,TOR
7340,TOR
7341,COL
7342,SKC
7343,COL
7344,DAL
7345,RBNY
7346,SEA
7347,NE
7348,MTL
7349,LA
7350,TOR
7351,MTL
7352,NE
7353,COL
7354,MTL
7355,PHI
7356,SKC
7357,VAN
7358,NE
7359,RSL
7360,NE
7361,SKC
7362,CLB
7363,NSH
7364,NYC
7365,DC
7366,VAN
7367,SJ
7368,VAN
7369,SKC
7370,NY
7371,HOU
7372,LAFC
7373,NY
7374,MIA
7375,PHI
7376,PHI
7377,RSL
7378,NYC
7379,DC
7380,DAL
7381,VAN
7382,TOR
7383,DC
7384,NYC
7385,LA
7386,NYC
7387,DC
7388,TOR
7389,SJ
7390,NYC
7391,CLB
7392,SKC
7393,DC
7394,COL
7395,MIN
7396,POR
7397,CLB
7398,COL
7399,DC
7400,LA
7401,POR
7402,DAL
7403,NYC
7404,DC
7405,NSH
7406,NSH
7407,SKC
7408,MTL
7409,HOU
7410,TOR
7411,SEA
7412,POR
7413,CHI
7414,SKC
7415,RBNY
7416,HOU
7417,LA
7418,CHI
7419,SEA
7420,ATL
7421,NE
7422,ORL
7423,RSL
7424,NE 
7425,SJ 
7426,CLB
7427,NY
7428,MTL
7429,RSL
7430,SKC
7431,DAL
7432,MTL
7433,NYC
7434,POR
7435,LA 
7436,CLB
7437,COL
7438,HOU
7439,POR
7440,NYC
7441,NE
7442,DC
7443,MTL
7444,LA
7445,COL
7446,PHI
7447,DAL
7448,MTL
7449,POR
7450,DC
7451,CLB
7452,POR
7453,NE
7454,COL
7455,HOU
7456,PHI
7457,POR
7458,SEA
7459,CHI
7460,TOR
7461,HOU
7462,PHI
7463,CIN
7464,RSL
7465,MTL
7466,CLB
7467,COL
7468,CLB
7469,MTL
7470,NE 
7471,LA
7472,COL
7473,ORL
7474,CLB
7475,ORL
7476,RSL
7477,CHI
7478,NE
7479,CHI
7480,POR
7481,ORL
7483,CHI
7484,TOR
7485,SEA
7486,RSL
7487,CLB
7488,POR
7489,SJ 
7490,PHI
7491,TOR
7492,ORL
7493,SEA
7494,MIA
7495,TOR
7496,NY
7497,CHI
7498,DAL
7499,HOU
7502,SKC
7503,NSH
7504,ORL
7505,DC
7506,COL
7507,PHI
7508,CHI
7509,PHI
7510,CLB
7511,TOR
7512,HOU
7513,NYC
7514,NE
7515,NYC
7516,TOR
7517,PHI
7518,SKC
7519,HOU
7520,MTL
7521,SKC
7522,RSL
7523,CHI
7524,MIA
7525,NYC
7526,NSH
7527,CHI
7528,SJ 
7529,POR
7530,MIA
7531,TOR
7532,NYC
7533,PHI
7534,NSH
7535,POR
7536,COL
7537,CHI
7538,CLB
7539,SJ 
7540,DC
7541,HOU
7542,SKC
7543,HOU
7544,SEA
7545,RSL
7658,DC 
7659,CHI
7660,HOU
7661,HOU
7662,SKC
7663,SJ 
7664,HOU
7665,DC 
7666,HOU
7667,SEA
7668,COL
7669,DAL
7670,NE 
7671,MIN
7672,SEA
7673,NE
7674,LA
7675,VAN
7676,NE 
7677,PHI
7678,NYC
7679,NE 
7680,VAN
7681,COL
7682,HOU
7683,NY
7684,SJ 
7685,SKC
7686,VAN
7687,CLB
7688,SJ 
7689,RSL
7690,LA
7691,CLB
7692,HOU
7693,CAN
7694,LA
7695,MTL
7696,NY
7697,VAN
7698,PHI
7699,CHI
7700,LA
7701,NY
7702,RSL
7703,CIN
7704,MIA
7705,NY
7706,CHI
7707,RSL
7708,VAN
7709,NE 
7710,NY
7711,VAN
7712,ORL
7713,SEA
7714,SJ 
7715,NY
7716,ORL
7717,NYC
7718,DAL
7719,RSL
7720,COL
7721,MTL
7722,CAN
7723,DAL
7724,RSL
7725,NE
7726,SJ 
7727,VAN
7728,RSL
7729,HOU
7730,MIA
7731,MTL
7732,SJ 
7733,DC
7734,NY
7735,NSH
7736,VAN
7737,COL
7738,SKC
7739,HOU
7740,ORL
7741,CHI
7742,SEA
7743,MIN
7744,VAN
7745,POR
7746,ORL
7747,RBNY
7748,SJ
7749,SEA
7750,LA 
7751,TOR
7752,CHI
7753,NYC
7754,POR
7755,ATL
7756,DC
7757,MTL
7758,LAFC
7759,TOR
7760,CHI
7761,TOR
7762,NSH
7763,HOU
7764,HOU
7765,LA 
7766,ATL
7767,SJ
7768,RSL
7769,VAN
7770,COL
7771,MTL
7772,SEA
7773,RBNY
7774,ORL
7775,MIA
7776,DAL
7777,SEA
7778,NYC
7779,HOU
7780,HOU
7781,CLB
7782,DC
7783,ATL
7784,NSH
7785,ORL
7786,MTL
7787,TOR
7788,POR
7789,NSH
7790,SKC
7791,TOR
7792,MIA
7793,RSL
7794,DC
7795,SEA
7796,MTL
7797,MIN
7798,NE
7799,RSL
7800,CHI
7801,MTL
7802,DAL
7803,RSL
7804,VAN
7805,PHI
7806,NE
7807,RSL
7808,VAN
7809,ORL
7810,PHI
7811,RSL
7812,VAN
7813,NYR
7814,SEA
7815,LA 
7816,COL
7817,MTL
7818,DC
7819,NYC
7820,DC
7821,SJ
7822,ORL
7823,COL
7824,SJ
7825,KC 
7826,SJ
7827,TOR
7828,NYC
7829,MIN
7830,CIN
7831,MIA
7832,DC
7833,POR
7834,CIN
7835,CLB
7836,ORL
7837,RSL
7838,DAL
7839,CHI
7840,CHI
7841,TOR
7842,CLB
7843,SJ
7844,MIN
7845,ATL
7846,SEA
7847,COL
7848,RBNY
7849,RSL
7850,HOU
7851,SKC
7852,HOU
7853,CHI
7854,SKC
7855,COL
7856,ORL
7857,LA 
7858,TOR
7859,HOU
7860,SEA
7861,LAFC
7862,CLB
7863,POR
7864,ATL
7865,LA
7866,MIN
7867,DC
7868,LA
7869,CIN
7870,HOU
7871,DAL
7872,DC
7873,PHI
7874,CIN
7875,CHI
7876,HOU
7877,MIN
7878,DC
7879,NYR
7880,TOR
7881,MTL
7882,RBNY
7883,POR
7884,PHI
7885,MIN
7886,SJ
7887,MIA
7888,COL
7889,ORL
7890,ATL
7891,DAL
7892,VAN
7893,HOU
7894,MTL
7895,CLB
7896,CLB
7897,COL
7898,LA 
7899,COL
7900,HOU
7901,COL
7902,COL
7903,HOU
7904,VAN
7905,SEA
7906,PHI
7907,SEA
7908,MTL
7909,NSH
7910,SJ
7911,NSH
7912,CLB
7913,CHI
7914,DC
7915,DC
7916,COL
7917,DC
7918,DAL
7919,NSH
7920,ATL
7921,DC 
7922,MIN
7923,ATL
7924,NYC
7925,NYC
7926,NYR
7927,HOU
7928,DAL
7929,SEA
7930,NE
7931,NE
7932,MIN
7933,MIA
7934,POR
7935,NE
7936,NE
7937,NYR
7938,DAL
7939,ORL
7940,SEA
7941,ORL
7942,COL
7943,LA 
7944,SJ
7945,POR
7946,SJ
7947,POR
7948,MIA
7949,MIN
7950,SKC
7951,DAL
7952,HOU
7953,CHI
7954,LA 
7955,CHI
7956,POR
7957,SEA
7958,SEA
7959,ORL
7960,NE
7961,VAN
7962,DC
7963,DC
7964,NYC
7965,CHI
7966,LA 
7967,ATL
7968,NE
7969,ORL
7970,PHI
7971,LAFC
7972,RSL
7973,COL
7974,ATL
7975,ATL
7976,NSH
7977,CIN
7978,MTL
7979,CIN
7980,NE
7981,POR
7982,LA
7983,COL
7984,NE
7985,DC
7986,DC
7987,ATL
7988,DC
7989,LA 
7990,MIN
7991,RBNY
7992,COL
7993,DAL
7994,SEA
7995,RSL
7996,LA 
7997,RSL
7998,NYC
7999,TOR
8000,POR
8001,RSL
8002,COL
8003,ORL
8004,NE
8005,ATL
8006,PHI
8007,MTL
8008,MIA
8009,HOU
8010,SKC
8011,ORL
8012,RSL
8013,KC 
8014,RSL
8015,POR
8016,COL
8017,CLB
8018,LA 
8019,NE
8020,TOR
8021,PHI
8022,NYC
8023,PHI
8024,ORL
8025,HOU
8026,DC
8027,RBNY
8028,MTL
8029,SKC
8030,VAN
8031,MIN
8032,VAN
8033,TOR
8034,MIA
8035,NSH
8036,CHI
8037,SKC
8038,CHI
8039,HOU
8040,POR
8041,NYC
8042,DAL
8043,HOU
8044,VAN
8045,NYC
8046,LA 
8047,NE
8048,CLB
8049,NYC
8050,MIA
8051,MTL
8052,RSL
8053,ORL
8054,CLB
8055,LA
8056,LA 
8057,NYC
8058,COL
8059,RSL
8060,NYR
8061,MIA
8062,CHI
8063,TOR
8064,PHI
8065,CLB
8066,TOR
8067,MTL
8068,DC
8069,NYC
8070,TOR
8071,HOU
8072,NYR
8073,TOR
8074,ATL
8075,CHI
8076,CLB
8077,CLB
8078,HOU
8079,SKC
8080,MIA
8081,HOU
8082,RSL
8088,CLB
8089,TOR
8090,MIN
8091,SEA
8092,RSL
8093,HOU
8094,NYR
8095,DC
8096,PHI
8097,PHI
8098,SJ
8099,NYC
8100,POR
8101,PHI
8102,ORL
8103,NYR
8104,CHI
8105,TOR
8106,MTL
8107,NSH
8108,COL
8109,COL
8110,SEA
8111,VAN
8112,HOU
8113,DC
8114,DC
8115,NYR
8116,COL
8117,RSL
8118,COL
8119,CLB
8120,DC
8121,SJ
8122,NYR
8123,SJ
8124,COL
8125,SJ
8126,NYR
8127,KC 
8128,TOR
8129,VAN
8130,CLB
8241,PHI
8242,CHI
8243,MIN
8244,LA
8245,DC
8246,TOR
8247,MIA
8248,CHI
8249,MIN
8250,HOU
8251,CHI
8252,DAL
8253,NYR
8254,DAL
8255,DC
8256,ORL
8257,MIN
8258,KC 
8259,SEA
8260,ORL
8261,MTL
8262,DAL
8263,DC
8264,CLB
8265,MIN
8266,KC 
8267,ATL
8268,SJ
8269,MIN
8270,CHI
8271,NSH
8272,LA 
8273,LA
8274,DAL
8275,LA 
8276,ORL
8277,LA 
8278,HOU
8279,KC 
8280,NYC
8281,COL
8282,ORL
8283,NSH
8284,MTL
8285,MTL
8286,RSL
8287,SEA
8288,SEA
8289,CLB
8290,NYR
8291,LA 
8292,SJ
8293,RSL
8294,MIN
8295,COL
8296,MIN
8297,DC
8298,HOU
8299,NSH
8300,RSL
8301,DC
8302,VAN
8303,MTL
8304,VAN
8305,NE
8306,RSL
8307,PHI
8308,SEA
8309,RSL
8310,CIN
8311,NE
8312,MIN
8313,DC
8314,POR
8315,NE
8316,CHI
8317,MTL
8318,MTL
8319,NE
8320,SJ
8321,CLB
8322,CIN
8323,LA 
8324,POR
8325,MTL
8326,SJ
8327,SEA
8328,DC
8329,RSL
8330,LA 
8331,MIN
8332,NE
8333,DAL
8334,COL
8335,TOR
8336,DC
8337,ATL
8338,LA
8339,LAFC
8340,HOU
8341,CLB
8342,MTL
8343,CHI
8344,LAFC
8345,COL
8346,NYC
8347,DC
8348,TOR
8349,ORL
8350,ATL
8351,LAFC
8352,RSL
8353,DC
8354,NE
8355,CHI
8356,LAFC
8357,SJ
8358,HOU
8359,HOU
8360,LA
8361,SKC
8362,NE
8363,NYC
8364,RBNY
8365,DC
8366,POR
8367,POR
8368,SKC
8369,TOR
8370,RSL
8371,SJ
8372,DAL
8373,SJ
8374,SEA
8375,PHI
8376,DC
8377,NE
8378,DC
8379,NSH
8380,HOU
8381,SEA
8382,NYC
8383,VAN
8384,MTL
8385,TOR
8386,RSL
8387,COL
8388,DAL
8389,RSL
8390,POR
8391,VAN
8392,RSL
8393,ATL
8394,DC
8395,SEA
8396,MTL
8397,SEA
8398,SKC
8399,TOR
8400,RBNY
8401,MTL
8402,VAN
8403,DC
8404,NYC
8405,LA
8406,DAL
8407,DAL
8408,SJ
8409,PHI
8410,PHI
8411,HOU
8412,MTL
8413,DC
8414,LA
8415,SEA
8416,LAFC
8417,SKC
8418,POR
8419,CLB
8420,RSL
8421,DC
8422,ORL
8423,SEA
8424,CHI
8425,NYC
8426,NE
8427,SKC
8428,ATL
8429,COL
8430,MIN
8431,NYC
8432,CHI
8433,TOR
8434,HOU
8435,SEA
8436,NSH
8437,MIN
8438,DAL
8439,ORL
8440,CHI
8441,MTL
8442,SKC
8443,ORL
8444,LFC
8445,PHI
8446,MIA
8447,RBNY
8448,ATL
8449,COL
8450,RBNY
8451,RSL
8452,SJ
8453,MIA
8454,SEA
8455,HOU
8456,COL
8457,SKC
8458,ORL
8459,MIN
8460,CLB
8461,RBNY
8462,MIA
8463,LA
8464,LA
8465,CIN
8466,MIN
8467,HOU
8468,POR
8469,SEA
8470,MIA
8471,MTL
8472,COL
8473,MIN
8474,CIN
8475,COL
8476,COL
8477,SJ
8478,VAN
8479,TOR
8480,LA
8481,DAL
8482,RBNY
8483,CIN
8484,SKC
8485,CLB
8486,DC
8487,LAFC
8488,SKC
8489,LFC
8490,CHI
8491,RSL
8492,MIA
8493,CHI
8494,CHI
8495,VAN
8496,NE
8497,POR
8498,TOR
8499,SJ
8500,COL
8501,NYC
8502,MIN
8503,SKC
8504,NSH
8505,SEA
8506,MIN
8507,ATL
8508,HOU
8509,NY
8510,DC
8511,COL
8512,CLB
8513,DAL
8514,SKC
8515,PHI
8516,MIN
8517,PHI
8518,POR
8519,ORL
8520,NY
8521,NE
8522,MTL
8523,DAL
8524,DC
8525,ORL
8526,DAL
8527,COL
8528,NYC
8529,LA
8530,HOU
8531,DC
8532,CLB
8533,CLB
8534,CHI
8535,NSH
8536,ORL
8537,LFC
8538,CHI
8539,CHI
8540,MIN
8541,NY
8542,COL
8543,NE
8544,CIN
8545,LA
8546,TOR
8547,NSH
8548,COL
8549,DAL
8550,DAL
8551,POR
8552,NE
8553,COL
8554,VAN
8555,HOU
8556,MTL
8557,TOR
8558,PHI
8559,HOU
8560,MIA
8561,NE
8562,MIA
8563,POR
8564,RBNY
8565,LAFC
8566,CHI
8567,ATL
8568,MTL
8569,POR
8570,NE
8571,SJ
8572,POR
8573,MIN
8574,DC
8575,MIA
8576,SKC
8577,TOR
8578,COL
8579,CLB
8580,CLB
8581,NSH
8582,CLB
8583,COL
8584,DC
8585,SEA
8586,CHI
8587,NYC
8588,VAN
8589,RSL
8590,ORL
8591,SEA
8592,RBNY
8593,CLB
8594,TOR
8595,RSL
8596,NE
8597,ATL
8598,HOU
8599,SEA
8600,ORL
8601,ORL
8602,MIN
8603,LA
8604,HOU
8605,CHI
8606,PHI
8607,MIN
8608,COL
8609,SKC
8610,RBNY
8611,RBNY
8612,MTL
8613,NYC
8614,HOU
8615,ORL
8616,ATL
8617,HOU
8618,POR
8619,NE
8620,CHI
8621,COL
8622,ATL
8623,MTL
8624,NYC
8625,POR
8626,HOU
8627,ATL
8628,HOU
8629,CLB
8630,NYC
8631,NYC
8632,POR
8633,COL
8634,NSH
8635,RBNY
8636,NY
8637,ATL
8638,SEA
8639,TOR
8640,TOR
8641,CHI
8642,NYC
8643,SKC
8644,NYC
8645,VAN
8646,NSH
8647,CHI
8648,MTL
8649,TOR
8650,MIN
8651,SJ
8652,LFC
8653,COL
8654,CLB
8655,COL
8657,NY
8658,CIN
8659,ORL
8660,LA
8661,VAN
8662,DC
8663,LA
8664,MIN
8665,SJ
8666,LA
8667,MIA
8668,DC
8669,NY
8670,PHI
8671,NE
8672,LA
8673,NE
8674,CLB
8675,NSH
8676,LAFC
8677,CLB
8684,POR
8685,NE
8686,RBNY
8687,CLB
8688,RSL
8689,MIN
8690,POR
8691,LA
8692,RSL
8693,MIN
8694,VAN
8695,RSL
8696,DC
8697,CHI
8698,COL
8699,NSH
8700,VAN
8701,PHI
8702,SEA
8703,LA
8704,CLB
8705,ORL
8706,MIN
8707,VAN
8708,ATL
8709,SKC
8710,SJ
8711,HOU
8712,DAL
8713,NY
8714,LAFC
8715,COL
8716,DC
8717,ATL
8718,RSL
8719,HOU
8720,DC
8721,SEA
8722,MIN
8723,TOR
8724,NSH
8725,HOU
8726,CHI
8727,SEA
8728,MIA
8729,POR
8730,ORL
8731,TOR
8844,CLB
8845,RBNY
8846,DAL
8847,RSL
8848,LAFC
8849,SJ
8850,LFC
8851,NE
8852,SJ
8853,POR
8854,COL
8855,CHI
8856,TOR
8857,DC
8858,LFC
8859,RSL
8860,PHI
8861,POR
8862,POR
8863,SEA
8864,NE
8865,DC
8866,MIA
8867,VAN
8868,ATL
8869,NYC
8870,TOR
8871,LA
8872,SKC
8873,LA
8874,HOU
8875,MIN
8876,SKC
8877,PHI
8878,ORL
8879,CHI
8880,MTL
8881,DAL
8882,SEA
8883,SKC
8884,LFC
8885,TOR
8886,MTL
8887,MTL
8888,RSL
8889,PHI
8890,RSL
8891,MTL
8892,VAN
8893,HOU
8894,RSL
8895,LAFC
8896,LAFC
8897,DAL
8898,SEA
8899,SJ
8900,COL
8901,NY
8902,NYC
8903,SJ
8904,ATL
8905,MTL
8906,SEA
8907,HOU
8908,NE
8909,MIN
8910,ORL
8911,TOR
8912,TOR
8913,HOU
8914,CHI
8915,CIN
8916,TOR
8917,CLB
8918,RSL
8919,COL
8920,MIN
8921,HOU
8922,MTL
8923,HOU
8924,COL
8925,NE
8926,NYC
8927,PHI
8928,CHI
8929,TOR
8930,COL
8931,NSH
8932,MIN
8933,LA
8934,ORL
8935,NY
8936,SJ
8937,SEA
8938,VAN
8939,DAL
8940,SEA
8941,HOU
8942,VAN
8943,DAL
8944,DC
8945,CLB
8946,MTL
8947,MIA
8948,SJ
8949,SJ
8950,NYC
8951,RSL
8952,LFC
8953,MIA
8954,MTL
8955,RSL
8956,NE
8957,MIN
8958,LAFC
8959,LA
8960,ATL
8961,LAFC
8962,NYC
8963,PHI
8964,SJ
8965,COL
8966,HOU
8967,CHI
8968,CLB
8969,TOR
8970,ORL
8971,SKC
8972,NYC
8973,CHI
8974,DC
8975,RBNY
8976,TOR
8977,NYC
8978,CLB
8979,COL
8980,SEA
8981,POR
8982,POR
8983,NE
8984,SEA
8985,RSL
8986,HOU
8987,ORL
8988,HOU
8989,SKC
8990,MTL
8991,HOU
8992,RBNY
8993,NE
8994,RSL
8995,POR
8996,LAFC
8997,DAL
8998,RSL
8999,SJ
9000,VAN
9001,SKC
9002,MTL
9003,NYC
9004,SEA
9005,HOU
9006,ORL
9007,MIN
9008,COL
9009,DAL
9010,CIN
9011,VAN
9012,PHI
9013,DC
9014,POR
9015,SJ
9016,NE
9017,CHI
9018,LAFC
9019,SEA
9020,LA
9021,CIN
9022,RSL
9023,TOR
9024,SJ
9025,NSH
9026,MIN
9027,DC
9028,NSH
9029,DAL
9030,DC
9031,DC
9032,NE
9033,DAL
9034,CHI
9035,ATL
9036,PHI
9037,RBNY
9038,COL
9039,NYC
9040,TOR
9041,RSL
9042,ORL
9043,NE
9044,SEA
9045,HOU
9046,SJ
9047,SEA
9048,MIN
9049,ORL
9050,MTL
9051,DAL
9052,CHI
9053,PHI
9054,LAFC
9055,MTL
9056,COL
9057,NYC
9058,PHI
9059,COL
9060,DAL
9061,CIN
9062,ATL
9063,POR
9064,CHI
9065,VAN
9066,PHI
9067,MIN
9068,CLB
9069,RSL
9070,LAFC
9071,LA
9072,LA
9073,LA
9074,SJ
9075,VAN
9076,RBNY
9077,MIN
9078,TOR
9079,RBNY
9080,CIN
9081,MTL
9082,NYC
9083,TOR
9084,COL
9085,SKC
9086,CHI
9087,DC
9088,PHI
9089,DAL
9090,MIA
9091,VAN
9092,CHI
9093,MTL
9094,MIN
9095,SKC
9096,DC
9097,RBNY
9098,MTL
9099,MTL
9100,LA
9101,SJ
9102,RBNY
9103,TOR
9104,SKC
9105,SKC
9106,DAL
9107,CLB
9108,CLB
9109,POR
9110,LAFC
9111,RSL
9112,COL
9113,LA
9114,LA
9115,HOU
9116,NE
9117,SEA
9118,DAL
9119,MIA
9120,VAN
9121,RBNY
9122,COL
9123,MTL
9124,NE
9125,NSH
9126,DC
9127,MTL
9128,COL
9129,SEA
9130,NE
9131,MIN
9132,MIN
9133,ORL
9134,SJ
9135,COL
9136,RBNY
9137,POR
9138,POR
9139,CIN
9140,DAL
9141,CLB
9142,RSL
9143,NYC
9144,MIN
9145,CLB
9146,COL
9147,PHI
9148,TOR
9149,SKC
9150,POR
9151,PHI
9152,MIN
9153,COL
9154,CIN
9155,NYC
9156,MIN
9157,NY
9158,LA
9159,LAFC
9160,DC
9161,DC
9162,VAN
9163,CLB
9164,LAFC
9165,LA
9166,NSH
9167,ATL
9168,ATL
9169,POR
9170,MTL
9171,CHI
9172,TOR
9173,ATL
9174,LA
9175,LA
9176,MIA
9177,CHI
9178,COL
9179,CIN
9180,RSL
9181,NSH
9182,CIN
9183,LFC
9184,LA
9185,RBNY
9186,MIA
9187,VAN
9188,MTL
9189,TOR
9190,SJ
9191,NY
9192,CIN
9193,SEA
9194,CIN
9195,RBNY
9196,PHI
9197,ATL
9198,NY
9199,SKC
9200,RBNY
9201,DAL
9202,TOR
9203,MTL
9204,ORL
9205,VAN
9206,SEA
9207,DAL
9208,VAN
9209,RSL
9210,TOR
9211,DC
9212,LFC
9213,CLB
9214,NE
9215,DC
9216,DAL
9217,VAN
9218,VAN
9219,NE
9220,DC
9221,NYC
9222,NSH
9223,NYC
9224,MIA
9225,NYC
9226,ORL
9227,DC
9228,SKC
9229,RSL
9230,DAL
9231,COL
9232,HOU
9233,HOU
9234,NE
9235,SJ
9236,DC
9237,NY
9238,VAN
9239,VAN
9240,LFC
9241,VAN
9242,MIN
9243,ATL
9244,LA
9245,DAL
9246,LAFC
9247,SKC
9248,CIN
9249,RSL
9250,MTL
9251,CIN
9252,COL
9253,LAFC
9254,RSL
9255,CLB
9256,MIA
9257,SJ
9258,LAFC
9259,CIN
9260,CLB
9261,POR
9262,PHI
9263,SEA
9264,POR
9265,ORL
9266,ATL
9267,RSL
9268,MIA
9269,HOU
9270,MIA
9271,RSL
9272,ORL
9273,VAN
9274,TOR
9275,ORL
9276,LA
9277,DC
9278,SKC
9279,HOU
9281,VAN
9282,HOU
9283,MIA
9284,CHI
9285,NSH
9286,ORL
9287,POR
9288,MIN
9289,RSL
9290,NE
9291,NSH
9292,RBNY
9293,SEA
9294,CLB
9295,SJ
9296,NE
9297,SKC
9298,ORL
9303,MIN
9304,PHI
9305,LA
9306,DAL
9307,CHI
9308,RBNY
9309,MIN
9310,PHI
9311,CIN
9312,NE
9313,PHI
9314,LA
9315,NYC
9316,HOU
9317,MTL
9318,DC
9319,MIN
9320,MTL
9321,PHI
9322,CHI
9323,CIN
9324,ATL
9325,HOU
9326,TOR
9327,NE
9328,DAL
9329,SEA
9330,CLB
9331,ORL
9332,ORL
9333,HOU
9334,TOR
9335,PHI
9336,LFC
9337,SJ
9338,MTL
9339,TOR
9340,SEA
9341,CLB
9342,VAN
9343,DC
9344,POR
9345,LA
9346,NSH
9347,NSH
9348,COL
9349,LA
9350,MIA
9351,ORL
9352,MIA
9353,NE
9354,POR
9355,ATL
9356,POR
9357,SJ
9358,MTL
9359,NY
9360,ATL
9361,NY
9362,CHI
9363,TOR
9364,ATL
9365,TOR
9366,CIN
9367,SEA
9368,ORL
9369,POR
9370,HOU
9371,SEA
9372,CLB
9373,HOU
9469,VAN
9470,DAL
9471,SEA
9472,DAL
9473,LFC
9474,DC
9475,HOU
9476,SJ
9477,COL
9478,VAN
9479,MIA
9480,ATL
9481,LFC
9482,ORL
9483,RSL
9484,SKC
9485,HOU
9486,ORL
9487,HOU
9488,RSL
9489,CIN
9490,PHI
9491,CIN
9492,DAL
9493,SEA
9494,HOU
9495,NY
9496,MTL
9497,COL
9498,CLB
9499,COL
9500,NYC
9501,MTL
9502,NY
9503,CHI
9504,MIN
9505,DC
9506,SKC
9507,LAFC
9508,COL
9509,DAL
9510,POR
9511,PHI
9512,COL
9513,MIN
9514,CHI
9515,NYC
9516,CLB
9517,SEA
9518,HOU
9519,SKC
9520,ATL
9521,DC
9522,CIN
9523,CHI
9524,NE
9525,DAL
9526,LA
9527,NSH
9528,NYC
9529,SEA
9530,LFC
9531,CLB
9532,POR
9533,ATL
9534,CIN
9535,TOR
9536,DAL
9537,RBNY
9538,SEA
9539,CHI
9540,MTL
9541,PHI
9542,COL
9543,SEA
9544,MIN
9545,CLB
9546,CIN
9547,TOR
9548,MIN
9549,SEA
9550,ORL
9551,CLB
9552,SKC
9553,CHI
9554,SJ
9555,SEA
9556,ATL
9557,SEA
9558,MIA
9559,RSL
9560,HOU
9561,SJ
9562,ORL
9563,CIN
9564,ORL
9565,DC
9566,DAL
9567,SEA
9568,NYC
9569,CLB
9570,MTL
9571,VAN
9572,COL
9573,POR
9574,MIN
9575,MIN
9576,CLB
9577,CIN
9578,RBNY
9579,NYC
9580,LAFC
9581,ATL
9582,NE
14610,LAFC
14611,CLB
14612,SEA
14613,CHI
14614,SEA
14615,ORL
14616,LA
14617,TOR
14618,MIN
14619,TOR
14620,POR
14621,LAFC
14622,MTL
14623,PHI
14624,ORL
14625,POR
14626,PHI
14627,NE
14628,RSL
14629,SEA
14630,HOU
14631,MIN
14632,POR
14633,POR
14634,SJ
14635,DAL
14636,CLB
14637,SKC
14638,ORL
14639,CLB
14640,SKC
14641,LA
14642,SKC
14643,NYC
14644,NE
14645,PHI
14646,VAN
14647,MIA
14648,COL
14649,VAN
14650,HOU
14651,NE
14652,ORL
14653,MTL
14654,NYC
14655,LAFC
14656,RBNY
14657,SJ
14658,SKC
14659,SKC
14660,COL
14661,POR
14662,PHI
14663,MTL
14664,MIA
14665,TOR
14666,NYC
14667,NYC
14668,NSH
14669,TOR
14670,HOU
14671,RBNY
14672,MIN
14673,NYC
14674,MTL
14675,MIN
14676,MTL
14677,LAFC
14678,DAL
14679,CHI
14680,COL
14681,ATL
14682,MIA
14683,DAL
14684,NSH
14685,DC
14686,SJ
14687,PHI
14688,POR
14689,LAFC
14690,RBNY
14691,COL
14692,VAN
14693,NSH
14694,PHI
14695,RSL
14696,SEA
14697,SKC
14698,PHI
14699,CHI
14700,ATL
14701,DC
14702,DAL
14703,RSL
14704,ORL
14705,HOU
14706,NSH
14707,NYC
14708,CLB
14709,CHI
14710,SJ
14711,HOU
14712,NYC
14713,ORL
14714,DC
14715,MIA
14716,CIN
14717,RBNY
14718,ORL
14719,CHI
14720,LAFC
14721,CHI
14722,VAN
14723,SEA
14724,RBNY
14725,POR
14726,SEA
14727,CLB
14728,COL
14729,RSL
14730,SEA
14731,PHI
14732,RBNY
14733,ATL
14734,SJ
14735,RBNY
14736,DC
14737,ATL
14738,SJ
14739,SJ
14740,HOU
14741,ATL
14742,CHI
14743,SJ
14744,ATL
14745,SKC
14746,MTL
14747,CIN
14748,NE
14749,DAL
14750,ATL
14751,DAL
14752,MIA
14753,RBNY
14754,SJ
14755,ATL
14756,DAL
14757,SEA
14758,MIN
14759,NSH
14760,LAFC
14761,HOU
14762,NYC
14763,COL
14764,TOR
14765,MIN
14766,VAN
14767,VAN
14768,DC
14769,DC
14770,RBNY
14771,MIA
14772,DC
14773,RBNY
14774,CHI
14775,NYC
14776,PHI
14777,MTL
14778,MIA
14779,NSH
14780,DC
14781,HOU
14782,LA
14783,RSL
14784,LA
14785,MIN
14786,POR
14787,RSL
14788,MIN
14789,POR
14790,DAL
14791,VAN
14792,SJ
14793,LAFC
14794,NSH
14795,NYC
14796,HOU
14797,LAFC
14798,MIA
14799,COL
14800,VAN
14801,LA
14802,TOR
14803,LAFC
14804,SKC
14805,PHI
14806,PHI
14807,NSH
14808,POR
14809,MTL
14810,CLB
14811,DC
14812,NSH
14813,CLB
14814,COL
14815,CHI
14816,DAL
14817,LA
14818,TOR
14819,NYC
14820,CHI
14821,LAFC
14822,MIA
14823,RBNY
14824,MIN
14825,CHI
14826,CLB
14827,RBNY
14828,NSH
14829,POR
14830,ORL
14831,TOR
14832,ATL
14833,COL
14834,NE
14835,CIN
14836,ATL
14837,MTL
14838,SJ
14839,NE
14840,LAFC
14841,ATL
14842,POR
14843,SEA
14844,SJ
14845,MIA
14846,ATL
14847,MIN
14848,NSH
14849,COL
14850,MTL
14851,DAL
14852,MIN
14853,SJ
14854,SKC
14855,RSL
14856,DAL
14857,SKC
14858,POR
14859,MIA
14860,ORL
14861,TOR
14862,LA
14863,NYC
14864,DC
14865,LA
14866,LAFC
14867,CLB
14868,SKC
14869,LAFC
14870,COL
14871,COL
14872,SJ
14873,HOU
14874,POR
14875,RSL
14876,RSL
14877,VAN
14878,MTL
14879,RSL
14880,NSH
14881,MTL
14882,CLB
14883,PHI
14884,CIN
14885,LA
14886,LA
14887,CIN
14888,PHI
14889,MIN
14890,TOR
14891,SJ
14892,NE
14893,MIN
14894,DC
14895,CIN
14896,CIN
14897,NE
14898,NSH
14899,CIN
14900,COL
14901,PHI
14902,MIN
14903,ORL
14904,ATL
14905,NE
14906,MTL
14907,HOU
14908,DAL
14909,MIN
14910,CLB
14911,COL
14912,MIA
14913,NE
14914,DC
14915,CHI
14916,CLB
14918,NE
14919,LA
14920,SEA
14921,PHI
14922,SKC
14923,LA
14924,SKC
14925,NE
14926,ATL
14927,ORL
14928,RBNY
14929,RBNY
14930,NSH
14931,SEA
14932,CIN
14933,MIA
14934,DC
14935,POR
14936,NYC
14937,ORL
14938,DAL
14939,NSH
14940,NE
14941,PHI
14948,CIN
14949,ORL
14950,CLB
14951,COL
14952,ATL
14953,NSH
14954,SKC
14955,LAFC
14956,RBNY
14957,DC
14958,RBNY
14959,DAL
14960,SJ
14961,TOR
14962,MTL
14963,LAFC
14964,LAFC
14965,CLB
14966,SEA
14967,MTL
14968,SKC
14969,SEA
14970,COL
14971,VAN
14972,LAFC
14973,POR
14974,NSH
14975,DC
14976,TOR
14977,DAL
14978,CLB
14979,VAN
14980,DAL
14981,PHI
14982,VAN
14983,NYC
14984,NYC
14985,DC
14986,RBNY
14987,DC
14988,ATL
14989,RSL
14990,RBNY
14991,SKC
14992,TOR
14993,TOR
14994,DAL
14995,DAL
14996,SKC
14997,ORL
14998,LA
14999,MTL
15000,DC
15001,VAN
15002,CHI
15003,TOR
15004,MIA
15005,LA
15006,NE
15007,DAL
15008,RSL
15009,CHI
15154,LAFC
15155,CHI
15156,TOR
15157,SJ
15158,CHI
15159,TOR
15160,SEA
15161,MIN
15162,ORL
15163,TOR
15164,COL
15165,CHI
15166,CIN
15167,POR
15168,SKC
15169,MTL
15170,NE
15171,PHI
15172,DC
15173,ATL
15174,LFC
15175,POR
15176,CHI
15177,NSH
15178,MIA
15179,HOU
15180,DC
15181,RBNY
15182,MIN
15183,SKC
15184,HOU
15185,SEA
15186,CIN
15187,SJ
15188,SEA
15189,CHI
15190,ORL
15191,RSL
15192,CIN
15193,RSL
15194,NSH
15195,SKC
15196,RSL
15197,MIN
15198,HOU
15199,NE
15200,CIN
15201,DC
15202,ORL
15203,CHI
15204,VAN
15205,NE
15206,POR
15207,MIA
15208,SEA
15209,SEA
15210,HOU
15211,TOR
15212,ATL
15213,ATL
15214,LA
15215,COL
15216,HOU
15217,LA
15218,CLB
15219,MTL
15220,DAL
15221,VAN
15222,LA
15223,LA
15224,TOR
15225,CIN
15226,RBNY
15227,LAFC
15228,SJ
15229,RSL
15230,COL
15231,DC
15232,RSL
15233,HOU
15234,ORL
15235,ATL
15236,TOR
15237,DAL
15238,NSH
15239,POR
15240,ORL
15241,LAFC
15242,CIN
15243,TOR
15244,POR
15245,SJ
15246,RSL
15247,POR
15248,ORL
15249,MTL
15250,NSH
15251,ATL
15252,SJ
15253,VAN
15254,RSL
15255,TOR
15256,CLB
15257,NSH
15258,SEA
15259,MIA
15260,HOU
15261,HOU
15262,SKC
15263,MIN
15264,CLB
15265,CIN
15266,RBNY
15267,LAFC
15268,CIN
15269,HOU
15270,CIN
15271,MIN
15272,ATL
15273,VAN
15274,NE
15275,MTL
15276,RBNY
15277,SEA
15278,MIN
15279,LA
15280,SEA
15281,HOU
15282,DC
15283,ATL
15284,MIA
15285,MIA
15286,MTL
15287,POR
15288,CIN
15289,CLB
15290,TOR
15291,RSL
15292,HOU
15293,RSL
15294,LA
15295,SJ
15296,ORL
15297,NE
15298,CIN
15299,NYC
15300,MIA
